#001a00,#001a00,#001a00,#001a00,#001a00,#001a00,#001a00,#001a00,#001a00,#001a00,#001a00,#001a00,#001a00,#001a00,#001a00,#001a00,#001a00,#001a00,#001a00,#001a00,#001a00,#001a00,#001a00,#001a00,#001a00,#001a00,#001a00,#001a00,#001a00,#001a00,#001a00,#001a00,#001a00,#001a00,#001a00,#001a00,#001a00,#001a00,#001a00,#001a00,#001a00,#001a00,#001a00,#001a00,#001a00,#001a00,#001a00,#001a00,#001a00,#001a00,#001a00,#001a00,#001a00,#001a00,#001a00,#001a00,#001a00,#001a00,#001a00,#001a00,#001a00,#001a00,#001a00,,,,,,,,,,,,,,,,,,,,,,,,,,,,,,,,,,,,,,,,,,,#001a00,#001a00,#001a00,#001a00,#001a00,#001a00,#001a00,#001a00,#001a00,#001a00,#001a00,#001a00,#001a00,#001a00,#001a00,#001a00,#001a00,#001a00,#001a00,#001a00,#001a00,#001a00,#001a00,#001a00,#001a00,#001a00,#001a00,#001a00,#001a00,#001a00,#001a00,#001a00,#001a00,#001a00,#001a00,#001a00,#001a00,#001a00,#001a00,#001a00,#001a00,#001a00,#001a00,#001a00,#001a00,#001a00,#001a00,#001a00,#001a00,#001a00,#001a00,#001a00,#001a00,#001a00,#001a00,#001a00,#001a00,#001a00,#001a00,#001a00,#001a00,#001a00,#001a00,#001a00,#001a00,#001a00,#001a00,#001a00,#001a00,#001a00,#001a00,#001a00,#001a00,#001a00,#001a00,#001a00,#001a00,#001a00,#001a00,#001a00,#001a00,#001a00,#001a00,#001a00,#001a00,#001a00,#001a00
#001a00,#001a00,#001a00,#001a00,#001a00,#001a00,#001a00,#001a00,#001a00,#001a00,#001a00,#001a00,#001a00,#001a00,#001a00,#001a00,#001a00,#001a00,#001a00,#001a00,#001a00,#001a00,#001a00,#001a00,#001a00,#001a00,#001a00,#001a00,#001a00,#001a00,#001a00,#001a00,#001a00,#001a00,#001a00,#001a00,#001a00,#001a00,#001a00,#001a00,#001a00,#001a00,#001a00,#001a00,#001a00,#001a00,#001a00,#001a00,#001a00,#001a00,#001a00,#001a00,#001a00,#001a00,#001a00,#001a00,#001a00,#001a00,#001a00,#001a00,#001a00,#001a00,#001a00,#001a00,#001a00,#001a00,#001a00,#001a00,#001a00,#001a00,#001a00,#001a00,#001a00,#001a00,#001a00,#001a00,#001a00,#001a00,#001a00,#001a00,#001a00,#001a00,#001a00,#001a00,#001a00,#001a00,#001a00,#001a00,#001a00,#001a00,#001a00,#001a00,#001a00,#001a00,#001a00,#001a00,#001a00,#001a00,#001a00,#001a00,#001a00,#001a00,#001a00,#001a00,#001a00,#001a00,#001a00,#001a00,#001a00,#001a00,#001a00,#001a00,#001a00,#001a00,#001a00,#001a00,#001a00,#001a00,#001a00,#001a00,#001a00,#001a00,#001a00,#001a00,#001a00,#001a00,#001a00,#001a00,#001a00,#001a00,#001a00,#001a00,#001a00,#001a00,#001a00,#001a00,#001a00,#001a00,#001a00,#001a00,#001a00,#001a00,#001a00,#001a00,#001a00,#001a00,#001a00,#001a00,#001a00,#001a00,#001a00,#001a00,#001a00,#001a00,#001a00,#001a00,#001a00,#001a00,#001a00,#001a00,#001a00,#001a00,#001a00,#001a00,#001a00,#001a00,#001a00,#001a00,#001a00,#001a00,#001a00,#001a00,#001a00,#001a00,#001a00,#001a00,#001a00,#001a00,#001a00,#001a00,#001a00,#001a00,#001a00,#001a00,#001a00,#001a00,#001a00,#001a00,#001a00,#001a00,#001a00,#001a00
#001a00,#001a00,#001a00,#001a00,#001a00,#001a00,#001a00,#001a00,#001a00,#001a00,#001a00,#001a00,#001a00,#001a00,#001a00,#001a00,#001a00,#001a00,#001a00,#001a00,#001a00,#001a00,#001a00,#001a00,#001a00,#001a00,#001a00,#001a00,#001a00,#001a00,#001a00,#001a00,#001a00,#001a00,#001a00,#001a00,#001a00,#001a00,#001a00,#001a00,#001a00,#001a00,#001a00,#001a00,#001a00,#001a00,#001a00,#001a00,#001a00,#001a00,#001a00,#001a00,#001a00,#001a00,#001a00,#001a00,#001a00,#001a00,#001a00,#001a00,#001a00,#001a00,#001a00,#001a00,#001a00,#001a00,#001a00,#001a00,#001a00,#001a00,#001a00,#001a00,#001a00,#001a00,#001a00,#001a00,#001a00,#001a00,#001a00,#001a00,#001a00,#001a00,#001a00,#001a00,#001a00,#001a00,#001a00,#001a00,#001a00,#001a00,#001a00,#001a00,#001a00,#001a00,#001a00,#001a00,#001a00,#001a00,#001a00,#001a00,#001a00,#001a00,#001a00,#001a00,#001a00,#001a00,#001a00,#001a00,#001a00,#001a00,#001a00,#001a00,#001a00,#001a00,#001a00,#001a00,#001a00,#001a00,#001a00,#001a00,#001a00,#001a00,#001a00,#001a00,#001a00,#001a00,#001a00,#001a00,#001a00,#001a00,#001a00,#001a00,#001a00,#001a00,#001a00,#001a00,#001a00,#001a00,#001a00,#001a00,#001a00,#001a00,#001a00,#001a00,#001a00,#001a00,#001a00,#001a00,#001a00,#001a00,#001a00,#001a00,#001a00,#001a00,#001a00,#001a00,#001a00,#001a00,#001a00,#001a00,#001a00,#001a00,#001a00,#001a00,#001a00,#001a00,#001a00,#001a00,#001a00,#001a00,#001a00,#001a00,#001a00,#001a00,#001a00,#001a00,#001a00,#001a00,#001a00,#001a00,#001a00,#001a00,#001a00,#001a00,#001a00,#001a00,#001a00,#001a00,#001a00,#001a00,#001a00,#001a00
#001a00,#001a00,#001a00,#001a00,#001a00,#001a00,#001a00,#001a00,#001a00,#001a00,#001a00,#001a00,#001a00,#001a00,#001a00,#001a00,#001a00,#001a00,#001a00,#001a00,#001a00,#001a00,#001a00,#001a00,#001a00,#001a00,#001a00,#001a00,#001a00,#001a00,#001a00,#001a00,#001a00,#001a00,#001a00,#001a00,#001a00,#001a00,#001a00,#001a00,#001a00,#001a00,#001a00,#001a00,#001a00,#001a00,#001a00,#001a00,#001a00,#001a00,#001a00,#001a00,#001a00,#001a00,#001a00,#001a00,#001a00,#001a00,#001a00,#001a00,#001a00,#001a00,#001a00,#001a00,#001a00,#001a00,#001a00,#001a00,#001a00,#001a00,#001a00,#001a00,#001a00,#001a00,#001a00,#001a00,#001a00,#001a00,#001a00,#001a00,#001a00,#001a00,#001a00,#001a00,#001a00,#001a00,#001a00,#001a00,#001a00,#001a00,#001a00,#001a00,#001a00,#001a00,#001a00,#001a00,#001a00,#001a00,#001a00,#001a00,#001a00,#001a00,#001a00,#001a00,#001a00,#001a00,#001a00,#001a00,#001a00,#001a00,#001a00,#001a00,#001a00,#001a00,#001a00,#001a00,#001a00,#001a00,#001a00,#001a00,#001a00,#001a00,#001a00,#001a00,#001a00,#001a00,#001a00,#001a00,#001a00,#001a00,#001a00,#001a00,#001a00,#001a00,#001a00,#001a00,#001a00,#001a00,#001a00,#001a00,#001a00,#001a00,#001a00,#001a00,#001a00,#001a00,#001a00,#001a00,#001a00,#001a00,#001a00,#001a00,#001a00,#001a00,#001a00,#001a00,#001a00,#001a00,#001a00,#001a00,#001a00,#001a00,#001a00,#001a00,#001a00,#001a00,#001a00,#001a00,#001a00,#001a00,#001a00,#001a00,#001a00,#001a00,#001a00,#001a00,#001a00,#001a00,#001a00,#001a00,#001a00,#001a00,#001a00,#001a00,#001a00,#001a00,#001a00,#001a00,#001a00,#001a00,#001a00,#001a00
#001a00,#001a00,#001a00,#001a00,#001a00,#001a00,#001a00,#001a00,#001a00,#001a00,#001a00,#001a00,#001a00,#001a00,#001a00,#001a00,#001a00,#001a00,#001a00,#001a00,#001a00,#001a00,#001a00,#001a00,#001a00,#001a00,#001a00,#001a00,#001a00,#001a00,#001a00,#001a00,#001a00,#001a00,#001a00,#001a00,#001a00,#001a00,#001a00,#001a00,#001a00,#001a00,#001a00,#001a00,#001a00,#001a00,#001a00,#001a00,#001a00,#001a00,#001a00,#001a00,#001a00,#001a00,#001a00,#001a00,#001a00,#001a00,#001a00,#001a00,#001a00,#001a00,#001a00,#001a00,#001a00,#443300,#001a00,#001a00,#443300,#1a0000,#443300,#1a0000,#1a0000,#1a0000,#443300,#443300,#443300,#001a00,#001a00,#001a00,#1a0000,#001a00,#443300,#1a0000,#001a00,#001a00,#001a00,#001a00,#001a00,#001a00,#001a00,#001a00,#001a00,#001a00,#001a00,#001a00,#001a00,#001a00,#001a00,#001a00,#001a00,#001a00,#001a00,#001a00,#001a00,#001a00,#001a00,#001a00,#001a00,#001a00,#001a00,#001a00,#001a00,#001a00,#001a00,#001a00,#001a00,#001a00,#001a00,#001a00,#001a00,#001a00,#001a00,#001a00,#001a00,#001a00,#001a00,#001a00,#001a00,#001a00,#001a00,#001a00,#001a00,#001a00,#001a00,#001a00,#001a00,#001a00,#001a00,#001a00,#001a00,#001a00,#001a00,#001a00,#001a00,#001a00,#001a00,#001a00,#001a00,#001a00,#001a00,#001a00,#001a00,#001a00,#001a00,#001a00,#001a00,#001a00,#001a00,#001a00,#001a00,#001a00,#001a00,#001a00,#001a00,#001a00,#001a00,#001a00,#001a00,#001a00,#001a00,#001a00,#001a00,#001a00,#001a00,#001a00,#001a00,#001a00,#001a00,#001a00,#001a00,#001a00,#001a00,#001a00,#001a00,#001a00,#001a00,#001a00,#001a00,#001a00,#001a00,#001a00
#001a00,#001a00,#001a00,#001a00,#001a00,#001a00,#001a00,#001a00,#001a00,#001a00,#443300,#443300,#001a00,#002233,#002233,#002233,#002233,#002233,#002233,#002233,#002233,#002233,#002233,#002233,#002233,#002233,#002233,#002233,#002233,#002233,#002233,#002233,#002233,#002233,#002233,#002233,#002233,#001a00,#001a00,#001a00,#001a00,#001a00,#001a00,#001a00,#001a00,#001a00,#001a00,#001a00,#001a00,#001a00,#001a00,#001a00,#001a00,#001a00,#001a00,#001a00,#001a00,#001a00,#001a00,#001a00,#001a00,#001a00,#001a00,#001a00,#1a0000,#1a0000,#1a0000,#443300,#001a00,#443300,#443300,#1a0000,#443300,#1a0000,#443300,#1a0000,#001a00,#1a0000,#1a0000,#1a0000,#001a00,#443300,#443300,#001a00,#443300,#001a00,#001a00,#001a00,#001a00,#001a00,#001a00,#001a00,#001a00,#001a00,#001a00,#001a00,#001a00,#001a00,#001a00,#001a00,#001a00,#001a00,#001a00,#001a00,#001a00,#001a00,#001a00,#001a00,#001a00,#001a00,#001a00,#001a00,#001a00,#001a00,#001a00,#001a00,#001a00,#001a00,#001a00,#001a00,#001a00,#001a00,#001a00,#001a00,#001a00,#001a00,#001a00,#001a00,#001a00,#001a00,#001a00,#001a00,#001a00,#001a00,#001a00,#001a00,#001a00,#001a00,#001a00,#001a00,#001a00,#001a00,#001a00,#001a00,#001a00,#001a00,#001a00,#001a00,#001a00,#001a00,#001a00,#001a00,#001a00,#001a00,#001a00,#001a00,#001a00,#001a00,#001a00,#001a00,#001a00,#001a00,#001a00,#001a00,#001a00,#001a00,#001a00,#001a00,#001a00,#001a00,#001a00,#001a00,#001a00,#001a00,#001a00,#001a00,#001a00,#001a00,#001a00,#001a00,#001a00,#001a00,#001a00,#001a00,#001a00,#001a00,#001a00,#001a00,#001a00,#001a00,#001a00,#001a00
#001a00,#001a00,#001a00,#001a00,#001a00,#001a00,#001a00,#001a00,#001a00,#001a00,#443300,#443300,#001a00,#002233,#002233,#002233,#002233,#002233,#002233,#002233,#002233,#002233,#002233,#002233,#002233,#002233,#002233,#002233,#002233,#002233,#002233,#002233,#002233,#002233,#002233,#002233,#002233,#002233,#001a00,#001a00,#001a00,#001a00,#001a00,#001a00,#001a00,#001a00,#001a00,#001a00,#001a00,#001a00,#001a00,#001a00,#001a00,#001a00,#001a00,#001a00,#001a00,#001a00,#001a00,#001a00,#001a00,#001a00,#001a00,#001a00,#443300,#1a0000,#443300,#1a0000,#443300,#001a00,#1a0000,#443300,#443300,#1a0000,#1a0000,#001a00,#1a0000,#443300,#443300,#1a0000,#443300,#001a00,#443300,#001a00,#1a0000,#001a00,#001a00,#001a00,#001a00,#001a00,#001a00,#001a00,#001a00,#001a00,#001a00,#001a00,#001a00,#001a00,#001a00,#001a00,#001a00,#001a00,#001a00,#001a00,#001a00,#001a00,#001a00,#001a00,#001a00,#001a00,#001a00,#001a00,#001a00,#001a00,#001a00,#001a00,#001a00,#001a00,#001a00,#001a00,#001a00,#001a00,#001a00,#001a00,#001a00,#001a00,#001a00,#001a00,#001a00,#001a00,#001a00,#001a00,#001a00,#001a00,#001a00,#001a00,#001a00,#001a00,#001a00,#001a00,#001a00,#001a00,#001a00,#001a00,#001a00,#001a00,#001a00,#001a00,#001a00,#001a00,#001a00,#001a00,#001a00,#001a00,#001a00,#001a00,#001a00,#001a00,#001a00,#001a00,#001a00,#001a00,#001a00,#001a00,#001a00,#001a00,#001a00,#001a00,#001a00,#001a00,#001a00,#001a00,#001a00,#001a00,#001a00,#001a00,#001a00,#001a00,#001a00,#001a00,#001a00,#001a00,#001a00,#001a00,#001a00,#001a00,#001a00,#001a00,#001a00,#001a00,#001a00,#001a00
#001a00,#001a00,#001a00,#001a00,#001a00,#001a00,#001a00,#001a00,#001a00,#001a00,#001a00,#001a00,#001a00,#001a00,#001a00,#001a00,#001a00,#001a00,#001a00,#001a00,#001a00,#001a00,#001a00,#001a00,#001a00,#001a00,#001a00,#001a00,#001a00,#001a00,#001a00,#001a00,#001a00,#001a00,#001a00,#001a00,#002233,#002233,#002233,#001a00,#001a00,#001a00,#001a00,#001a00,#001a00,#001a00,#001a00,#001a00,#001a00,#001a00,#001a00,#001a00,#001a00,#001a00,#001a00,#001a00,#001a00,#001a00,#001a00,#001a00,#001a00,#001a00,#001a00,#443300,#443300,#1a0000,#443300,#443300,#1a0000,#1a0000,#1a0000,#1a0000,#443300,#443300,#443300,#443300,#443300,#443300,#443300,#443300,#443300,#443300,#001a00,#1a0000,#001a00,#001a00,#001a00,#001a00,#001a00,#001a00,#001a00,#001a00,#001a00,#001a00,#001a00,#001a00,#001a00,#001a00,#001a00,#001a00,#001a00,#001a00,#001a00,#001a00,#001a00,#001a00,#001a00,#001a00,#001a00,#001a00,#001a00,#001a00,#001a00,#001a00,#001a00,#001a00,#001a00,#001a00,#001a00,#001a00,#001a00,#001a00,#001a00,#001a00,#001a00,#001a00,#001a00,#001a00,#001a00,#001a00,#001a00,#001a00,#001a00,#001a00,#001a00,#001a00,#001a00,#001a00,#001a00,#001a00,#001a00,#001a00,#001a00,#001a00,#001a00,#001a00,#001a00,#001a00,#001a00,#001a00,#001a00,#001a00,#001a00,#001a00,#001a00,#001a00,#001a00,#001a00,#001a00,#001a00,#001a00,#001a00,#001a00,#001a00,#001a00,#001a00,#001a00,#001a00,#001a00,#001a00,#001a00,#001a00,#001a00,#001a00,#001a00,#001a00,#001a00,#001a00,#001a00,#001a00,#001a00,#001a00,#001a00,#001a00,#001a00,#001a00,#001a00,#001a00,#001a00,#001a00,#001a00,#001a00
#001a00,#001a00,#001a00,#001a00,#001a00,#001a00,#001a00,#001a00,#001a00,#001a00,#001a00,#001a00,#001a00,#001a00,#001a00,#001a00,#001a00,#001a00,#001a00,#001a00,#001a00,#001a00,#001a00,#001a00,#001a00,#001a00,#001a00,#001a00,#001a00,#001a00,#001a00,#001a00,#001a00,#001a00,#001a00,#001a00,#002233,#002233,#002233,#002233,#001a00,#001a00,#001a00,#001a00,#001a00,#001a00,#001a00,#001a00,#001a00,#001a00,#001a00,#001a00,#001a00,#001a00,#001a00,#001a00,#001a00,#001a00,#001a00,#001a00,#001a00,#001a00,#001a00,#1a0000,#1a0000,#443300,#443300,#1a0000,#1a0000,#443300,#443300,#443300,#443300,#443300,#443300,#443300,#443300,#443300,#443300,#443300,#443300,#1a0000,#1a0000,#1a0000,#1a0000,#443300,#001a00,#001a00,#001a00,#001a00,#001a00,#001a00,#001a00,#001a00,#001a00,#001a00,#001a00,#001a00,#001a00,#001a00,#001a00,#001a00,#001a00,#001a00,#001a00,#001a00,#001a00,#001a00,#001a00,#001a00,#001a00,#001a00,#001a00,#001a00,#001a00,#001a00,#001a00,#001a00,#001a00,#001a00,#001a00,#001a00,#001a00,#001a00,#001a00,#001a00,#001a00,#001a00,#001a00,#001a00,#001a00,#001a00,#001a00,#001a00,#001a00,#001a00,#001a00,#001a00,#001a00,#001a00,#001a00,#001a00,#001a00,#001a00,#001a00,#001a00,#001a00,#001a00,#001a00,#001a00,#001a00,#001a00,#001a00,#001a00,#001a00,#001a00,#001a00,#001a00,#001a00,#001a00,#001a00,#001a00,#001a00,#001a00,#001a00,#001a00,#001a00,#001a00,#001a00,#001a00,#001a00,#001a00,#001a00,#001a00,#001a00,#001a00,#001a00,#001a00,#001a00,#001a00,#001a00,#001a00,#001a00,#001a00,#001a00,#001a00,#001a00,#001a00,#001a00,#001a00,#001a00,#001a00
#001a00,#001a00,#001a00,#001a00,#001a00,#001a00,#001a00,#001a00,#001a00,#001a00,#001a00,#001a00,#001a00,#001a00,#001a00,#001a00,#001a00,#001a00,#001a00,#001a00,#001a00,#001a00,#001a00,#001a00,#001a00,#001a00,#001a00,#001a00,#001a00,#001a00,#001a00,#001a00,#001a00,#001a00,#001a00,#001a00,#001a00,#002233,#002233,#002233,#002233,#001a00,#001a00,#001a00,#001a00,#001a00,#001a00,#001a00,#001a00,#001a00,#001a00,#001a00,#001a00,#001a00,#001a00,#001a00,#001a00,#001a00,#001a00,#001a00,#001a00,#001a00,#443300,#1a0000,#001a00,#443300,#443300,#1a0000,#443300,#443300,#443300,#443300,#443300,#443300,#443300,#443300,#443300,#443300,#443300,#443300,#443300,#443300,#1a0000,#1a0000,#443300,#443300,#001a00,#001a00,#001a00,#001a00,#001a00,#001a00,#001a00,#001a00,#001a00,#001a00,#001a00,#001a00,#001a00,#001a00,#001a00,#001a00,#001a00,#001a00,#001a00,#001a00,#001a00,#001a00,#001a00,#001a00,#001a00,#001a00,#001a00,#001a00,#001a00,#001a00,#001a00,#001a00,#001a00,#001a00,#001a00,#001a00,#001a00,#001a00,#001a00,#001a00,#001a00,#001a00,#001a00,#001a00,#001a00,#001a00,#001a00,#001a00,#001a00,#001a00,#001a00,#001a00,#001a00,#001a00,#001a00,#001a00,#001a00,#001a00,#001a00,#001a00,#001a00,#001a00,#001a00,#001a00,#001a00,#001a00,#001a00,#001a00,#001a00,#001a00,#001a00,#001a00,#001a00,#001a00,#001a00,#001a00,#001a00,#001a00,#001a00,#001a00,#001a00,#001a00,#001a00,#001a00,#001a00,#001a00,#001a00,#001a00,#001a00,#001a00,#001a00,#001a00,#001a00,#001a00,#001a00,#001a00,#001a00,#001a00,#001a00,#001a00,#001a00,#001a00,#001a00,#001a00,#001a00,#001a00
#001a00,#001a00,#001a00,#001a00,#001a00,#001a00,#001a00,#001a00,#001a00,#001a00,#001a00,#001a00,#001a00,#001a00,#001a00,#001a00,#001a00,#001a00,#001a00,#001a00,,,,,,#001a00,#001a00,#001a00,#001a00,#001a00,#001a00,#001a00,#001a00,#001a00,#001a00,#001a00,#001a00,#001a00,#002233,#002233,#002233,#002233,#001a00,#001a00,#001a00,#001a00,#001a00,#001a00,#001a00,#001a00,#001a00,#001a00,#001a00,#001a00,#001a00,#001a00,#001a00,#001a00,#001a00,#001a00,#001a00,#001a00,#001a00,#001a00,#1a0000,#443300,#443300,#443300,#443300,#443300,#443300,#443300,#443300,#443300,#443300,#443300,#443300,#443300,#443300,#443300,#443300,#443300,#443300,#001a00,#1a0000,#443300,#443300,#001a00,#001a00,#001a00,#001a00,#001a00,#001a00,#001a00,#001a00,#001a00,#001a00,#001a00,#001a00,#001a00,#001a00,#001a00,#001a00,#001a00,#001a00,#001a00,#001a00,#001a00,#001a00,#001a00,#001a00,#001a00,#001a00,#001a00,#001a00,#001a00,#001a00,#001a00,#001a00,#001a00,#001a00,#001a00,#001a00,#001a00,#001a00,#001a00,#001a00,#001a00,#001a00,#001a00,#001a00,#001a00,#001a00,#001a00,#001a00,#001a00,#001a00,#001a00,#001a00,#001a00,#001a00,#001a00,#001a00,#001a00,#001a00,#001a00,#001a00,#001a00,#001a00,#001a00,#001a00,#001a00,#001a00,#001a00,#001a00,#001a00,#001a00,#001a00,#001a00,#001a00,#001a00,#001a00,#001a00,#001a00,#001a00,#001a00,#001a00,#001a00,#001a00,#001a00,#001a00,#001a00,#001a00,#001a00,#001a00,#001a00,#001a00,#001a00,#001a00,#001a00,#001a00,#001a00,#001a00,#001a00,#001a00,#001a00,#001a00,#001a00,#001a00,#001a00,#001a00,#001a00
#001a00,#001a00,#001a00,#001a00,#001a00,#001a00,#001a00,#001a00,#001a00,#001a00,#001a00,#001a00,#001a00,#001a00,#001a00,#001a00,#001a00,#001a00,#001a00,,,#443300,#443300,#443300,,,#001a00,#001a00,#001a00,#001a00,#001a00,#001a00,#001a00,#001a00,#001a00,#001a00,#001a00,#001a00,#001a00,#002233,#002233,#002233,#002233,#002233,#001a00,#001a00,#001a00,#001a00,#001a00,#001a00,#001a00,#001a00,#001a00,#001a00,#001a00,#001a00,#001a00,#001a00,#001a00,#001a00,#001a00,#001a00,#1a0000,#001a00,#001a00,#1a0000,#1a0000,#1a0000,#443300,#443300,#443300,#443300,#443300,#443300,#443300,#443300,#443300,#443300,#443300,#443300,#443300,#443300,#443300,#443300,#443300,#1a0000,#443300,#001a00,#001a00,#001a00,#001a00,#001a00,#001a00,#001a00,#001a00,#001a00,#001a00,#001a00,#001a00,#001a00,#001a00,#001a00,#001a00,#001a00,#001a00,#001a00,#001a00,#001a00,#001a00,#001a00,#001a00,#001a00,#001a00,#001a00,#001a00,#001a00,#001a00,#001a00,#001a00,#001a00,#001a00,#001a00,#001a00,#001a00,#001a00,#001a00,#001a00,#001a00,#001a00,#001a00,#001a00,#001a00,#001a00,#001a00,#001a00,#001a00,#001a00,#001a00,#001a00,#001a00,#001a00,#001a00,#001a00,#001a00,#001a00,#001a00,#001a00,#001a00,#001a00,#001a00,#001a00,#001a00,#001a00,#001a00,#001a00,#001a00,#001a00,#001a00,#001a00,#001a00,#001a00,#001a00,#001a00,#001a00,#001a00,#001a00,#001a00,#001a00,#001a00,#001a00,#001a00,#001a00,#001a00,#001a00,#001a00,#001a00,#001a00,#001a00,#001a00,#001a00,#001a00,#001a00,#001a00,#001a00,#001a00,#001a00,#001a00,#001a00,#001a00,#001a00,#001a00,#001a00
#001a00,#001a00,#001a00,#001a00,#001a00,#001a00,#001a00,#001a00,#001a00,#001a00,#001a00,#001a00,#001a00,#001a00,#001a00,#001a00,#001a00,#001a00,#001a00,,#443300,#443300,#443300,#443300,#443300,,#001a00,#001a00,#001a00,#001a00,#001a00,#001a00,#001a00,#001a00,#001a00,#001a00,#001a00,#001a00,#001a00,#001a00,#001a00,#002233,#002233,#002233,#002233,#002233,#001a00,#001a00,#001a00,#001a00,#001a00,#001a00,#001a00,#001a00,#001a00,#001a00,#001a00,#001a00,#001a00,#001a00,#001a00,#001a00,#001a00,#443300,#443300,#1a0000,#1a0000,#1a0000,#443300,#443300,#443300,#443300,#443300,#443300,#443300,#443300,#443300,#443300,#443300,#443300,#443300,#443300,#443300,#443300,#001a00,#001a00,#443300,#001a00,#001a00,#001a00,#001a00,#001a00,#001a00,#001a00,#001a00,#001a00,#001a00,#001a00,#001a00,#001a00,#001a00,#001a00,#001a00,#001a00,#001a00,#001a00,#001a00,#001a00,#001a00,#001a00,#001a00,#001a00,#001a00,#001a00,#001a00,#001a00,#001a00,#001a00,#001a00,#001a00,#001a00,#001a00,#001a00,#001a00,#001a00,#001a00,#001a00,#001a00,#001a00,#001a00,#001a00,#001a00,#001a00,#001a00,#001a00,#001a00,#001a00,#001a00,#001a00,#001a00,#001a00,#001a00,#001a00,#001a00,#001a00,#001a00,#001a00,#001a00,#001a00,#001a00,#001a00,#001a00,#001a00,#001a00,#001a00,#001a00,#001a00,#001a00,#001a00,#001a00,#001a00,#001a00,#001a00,#001a00,#001a00,#001a00,#001a00,#001a00,#001a00,#001a00,#001a00,#001a00,#001a00,#001a00,#001a00,#001a00,#001a00,#001a00,#001a00,#001a00,#001a00,#001a00,#001a00,#001a00,#001a00,#001a00,#001a00,#001a00,#001a00,#001a00,#001a00,#001a00
#001a00,#001a00,#001a00,#001a00,#001a00,#001a00,#001a00,#001a00,#001a00,#001a00,#001a00,#001a00,#001a00,#001a00,#001a00,#001a00,#001a00,#001a00,#001a00,,#443300,#443300,#443300,#443300,#443300,,#001a00,#001a00,#001a00,#001a00,#001a00,#001a00,#001a00,#001a00,#001a00,#001a00,#001a00,#001a00,#001a00,#001a00,#001a00,#001a00,#002233,#002233,#002233,#002233,#002233,#001a00,#001a00,#001a00,#001a00,#001a00,#001a00,#001a00,#001a00,#001a00,#001a00,#001a00,#001a00,#001a00,#001a00,#001a00,#1a0000,#1a0000,#001a00,#443300,#443300,#1a0000,#443300,#443300,#443300,#443300,#443300,#443300,#443300,#443300,#443300,#443300,#443300,#443300,#443300,#443300,#443300,#443300,#443300,#1a0000,#443300,#001a00,#001a00,#001a00,#001a00,#001a00,#001a00,#001a00,#001a00,#001a00,#001a00,#001a00,#001a00,#001a00,#001a00,#001a00,#001a00,#001a00,#001a00,#001a00,#001a00,#001a00,#001a00,#001a00,#001a00,#001a00,#001a00,#001a00,#001a00,#001a00,#001a00,#001a00,#001a00,#001a00,#001a00,#001a00,#001a00,#001a00,#001a00,#001a00,#001a00,#001a00,#001a00,#001a00,#001a00,#001a00,#001a00,#001a00,#001a00,#001a00,#001a00,#001a00,#001a00,#001a00,#001a00,#001a00,#001a00,#001a00,#001a00,#001a00,#001a00,#001a00,#001a00,#001a00,#001a00,#001a00,#001a00,#001a00,#001a00,#001a00,#001a00,#001a00,#001a00,#001a00,#001a00,#001a00,#001a00,#001a00,#001a00,#001a00,#001a00,#001a00,#001a00,#001a00,#001a00,#001a00,#001a00,#001a00,#001a00,#001a00,#001a00,#001a00,#001a00,#001a00,#001a00,#001a00,#001a00,#001a00,#001a00,#001a00,#001a00,#001a00,#001a00,#001a00,#001a00,#001a00
#001a00,#001a00,#001a00,#001a00,#001a00,#001a00,#001a00,#001a00,#001a00,#001a00,#001a00,#001a00,#001a00,#001a00,#001a00,#001a00,#001a00,#001a00,#001a00,,#443300,#443300,#443300,#443300,#443300,,#001a00,#001a00,#001a00,#001a00,#001a00,#001a00,#001a00,#001a00,#001a00,#001a00,#001a00,#001a00,#001a00,#001a00,#001a00,#001a00,#001a00,#001a00,#002233,#002233,#002233,#002233,#001a00,#001a00,#001a00,#001a00,#001a00,#001a00,#001a00,#001a00,#001a00,#001a00,#001a00,#001a00,#001a00,#001a00,#001a00,#1a0000,#001a00,#001a00,#443300,#443300,#443300,#443300,#443300,#443300,#443300,#443300,#443300,#443300,#443300,#443300,#443300,#443300,#443300,#443300,#443300,#443300,#001a00,#001a00,#443300,#001a00,#001a00,#001a00,#001a00,#001a00,#001a00,#001a00,#001a00,#001a00,#001a00,#001a00,#001a00,#001a00,#001a00,#001a00,#001a00,#001a00,#001a00,#001a00,#001a00,#001a00,#001a00,#001a00,#001a00,#001a00,#001a00,#001a00,#001a00,#001a00,#001a00,#001a00,#001a00,#001a00,#001a00,#001a00,#001a00,#001a00,#001a00,#001a00,#001a00,#001a00,#001a00,#001a00,#001a00,#001a00,#001a00,#001a00,#001a00,#001a00,#001a00,#001a00,#001a00,#001a00,#001a00,#001a00,#001a00,#001a00,#001a00,#001a00,#001a00,#001a00,#001a00,#001a00,#001a00,#001a00,#001a00,#001a00,#001a00,#001a00,#001a00,#001a00,#001a00,#001a00,#001a00,#001a00,#001a00,#001a00,#001a00,#001a00,#001a00,#001a00,#001a00,#001a00,#001a00,#001a00,#001a00,#001a00,#001a00,#001a00,#001a00,#001a00,#001a00,#001a00,#001a00,#001a00,#001a00,#001a00,#001a00,#001a00,#001a00,#001a00,#001a00,#001a00,#001a00,#001a00
#001a00,#001a00,#001a00,#001a00,#001a00,#001a00,#001a00,#001a00,#001a00,#001a00,#001a00,#001a00,#001a00,#001a00,#001a00,#001a00,#001a00,#001a00,#001a00,,,#443300,#443300,#443300,,,#001a00,#001a00,#001a00,#001a00,#001a00,#001a00,#001a00,#001a00,#001a00,#001a00,#001a00,#001a00,#001a00,#001a00,#001a00,#001a00,#001a00,#001a00,#001a00,#002233,#002233,#002233,#002233,#001a00,#001a00,#001a00,#001a00,#001a00,#001a00,#001a00,#001a00,#001a00,#001a00,#001a00,#001a00,#001a00,#001a00,#443300,#1a0000,#001a00,#1a0000,#1a0000,#443300,#443300,#443300,#443300,#443300,#443300,#443300,#443300,#443300,#443300,#443300,#443300,#443300,#443300,#443300,#443300,#001a00,#443300,#443300,#001a00,#001a00,#001a00,#001a00,#001a00,#001a00,#001a00,#001a00,#001a00,#001a00,#001a00,#001a00,#001a00,#001a00,#001a00,#001a00,#001a00,#001a00,#001a00,#001a00,#001a00,#001a00,#001a00,#001a00,#001a00,#001a00,#001a00,#001a00,#001a00,#001a00,#001a00,#001a00,#001a00,#001a00,#001a00,#001a00,#001a00,#001a00,#001a00,#001a00,#001a00,#001a00,#001a00,#001a00,#001a00,#001a00,#001a00,#001a00,#001a00,#001a00,#001a00,#001a00,#001a00,#001a00,#001a00,#001a00,#001a00,#001a00,#001a00,#001a00,#001a00,#001a00,#001a00,#001a00,#001a00,#001a00,#001a00,#001a00,#001a00,#001a00,#001a00,#001a00,#001a00,#001a00,#001a00,#001a00,#001a00,#001a00,#001a00,#001a00,#001a00,#001a00,#001a00,#001a00,#001a00,#001a00,#001a00,#001a00,#001a00,#001a00,#001a00,#001a00,#001a00,#001a00,#001a00,#001a00,#001a00,#001a00,#001a00,#001a00,#001a00,#001a00,#001a00,#001a00,#001a00
#001a00,#001a00,#001a00,#001a00,#001a00,#001a00,#001a00,#001a00,#001a00,#001a00,#001a00,#001a00,#001a00,#001a00,#001a00,#001a00,#001a00,#001a00,#001a00,#001a00,,#443300,#443300,#443300,,#001a00,#001a00,#001a00,#001a00,#001a00,#001a00,#001a00,#001a00,#001a00,#001a00,#001a00,#001a00,#001a00,#001a00,#001a00,#001a00,#001a00,#001a00,#001a00,#001a00,#001a00,#002233,#002233,#002233,#002233,#001a00,#001a00,#001a00,#001a00,#001a00,#001a00,#001a00,#001a00,#001a00,#001a00,#001a00,#001a00,#001a00,#001a00,#443300,#001a00,#1a0000,#443300,#443300,#443300,#443300,#443300,#443300,#443300,#443300,#443300,#443300,#443300,#443300,#443300,#443300,#443300,#443300,#443300,#1a0000,#443300,#443300,#001a00,#001a00,#001a00,#001a00,#001a00,#001a00,#001a00,#001a00,#001a00,#001a00,#001a00,#001a00,#001a00,#001a00,#001a00,#001a00,#001a00,#001a00,#001a00,#001a00,#001a00,#001a00,#001a00,#001a00,#001a00,#001a00,#001a00,#001a00,#001a00,#001a00,#001a00,#001a00,#001a00,#001a00,#001a00,#001a00,#001a00,#001a00,#001a00,#001a00,#001a00,#001a00,#001a00,#001a00,#001a00,#001a00,#001a00,#001a00,#001a00,#001a00,#001a00,#001a00,#001a00,#001a00,#001a00,#001a00,#001a00,#001a00,#001a00,#001a00,#001a00,#001a00,#001a00,#001a00,#001a00,#001a00,#001a00,#001a00,#001a00,#001a00,#001a00,#001a00,#001a00,#001a00,#001a00,#001a00,#001a00,#001a00,#001a00,#001a00,#001a00,#001a00,#001a00,#001a00,#001a00,#001a00,#001a00,#001a00,#001a00,#001a00,#001a00,#001a00,#001a00,#001a00,#001a00,#001a00,#001a00,#001a00,#001a00,#001a00,#001a00,#001a00,#001a00,#001a00,#001a00
#001a00,#001a00,#001a00,#001a00,#001a00,#001a00,#001a00,#001a00,#001a00,#001a00,#001a00,#001a00,#001a00,#001a00,#001a00,#001a00,#001a00,#001a00,#001a00,#001a00,,,,,,#001a00,#001a00,#001a00,#001a00,#001a00,#001a00,#001a00,#001a00,#001a00,#001a00,#001a00,#001a00,#001a00,#001a00,#001a00,#001a00,#001a00,#001a00,#001a00,#001a00,#001a00,#001a00,#002233,#002233,#002233,#002233,#002233,#001a00,#001a00,#001a00,#001a00,#001a00,#001a00,#001a00,#001a00,#001a00,#001a00,#001a00,#443300,#443300,#001a00,#1a0000,#1a0000,#443300,#443300,#443300,#443300,#443300,#443300,#443300,#443300,#443300,#443300,#443300,#443300,#443300,#443300,#443300,#443300,#443300,#001a00,#001a00,#001a00,#001a00,#001a00,#001a00,#001a00,#001a00,#001a00,#001a00,#001a00,#001a00,#001a00,#001a00,#001a00,#001a00,#001a00,#001a00,#001a00,#001a00,#001a00,#001a00,#001a00,#001a00,#001a00,#001a00,#001a00,#001a00,#001a00,#001a00,#001a00,#001a00,#001a00,#001a00,#001a00,#001a00,#001a00,#001a00,#001a00,#001a00,#001a00,#001a00,#001a00,#001a00,#001a00,#001a00,#001a00,#001a00,#001a00,#001a00,#001a00,#001a00,#001a00,#001a00,#001a00,#001a00,#001a00,#001a00,#001a00,#001a00,#001a00,#001a00,#001a00,#001a00,#001a00,#001a00,#001a00,#001a00,#001a00,#001a00,#001a00,#001a00,#001a00,#001a00,#001a00,#001a00,#001a00,#001a00,#001a00,#001a00,#001a00,#001a00,#001a00,#001a00,#001a00,#001a00,#001a00,#001a00,#001a00,#001a00,#001a00,#001a00,#001a00,#001a00,#001a00,#001a00,#001a00,#001a00,#001a00,#001a00,#001a00,#001a00,#001a00,#001a00,#001a00,#001a00,#001a00
#001a00,#001a00,#001a00,#001a00,#001a00,#001a00,#001a00,#001a00,#001a00,#001a00,#001a00,#001a00,#001a00,#001a00,#001a00,#001a00,#001a00,#001a00,#001a00,#001a00,#001a00,#001a00,#001a00,#001a00,#001a00,#001a00,#001a00,#001a00,#001a00,#001a00,#001a00,#001a00,#001a00,#001a00,#001a00,#001a00,#001a00,#001a00,#001a00,#001a00,#001a00,#001a00,#001a00,#001a00,#001a00,#001a00,#001a00,#001a00,#002233,#002233,#002233,#002233,#002233,#001a00,#001a00,#001a00,#001a00,#001a00,#001a00,#001a00,#001a00,#001a00,#443300,#001a00,#001a00,#001a00,#443300,#443300,#443300,#443300,#443300,#443300,#443300,#443300,#443300,#443300,#443300,#443300,#443300,#443300,#443300,#443300,#443300,#443300,#1a0000,#443300,#001a00,#001a00,#001a00,#001a00,#001a00,#001a00,#001a00,#001a00,#001a00,#001a00,#001a00,#001a00,#001a00,#001a00,#001a00,#001a00,#001a00,#001a00,#001a00,#001a00,#001a00,#001a00,#001a00,#001a00,#001a00,#001a00,#001a00,#001a00,#001a00,#001a00,#001a00,#001a00,#001a00,#001a00,#001a00,#001a00,#001a00,#001a00,#001a00,#001a00,#001a00,#001a00,#001a00,#001a00,#001a00,#001a00,#001a00,#001a00,#001a00,#001a00,#001a00,#001a00,#001a00,#001a00,#001a00,#001a00,#001a00,#001a00,#001a00,#001a00,#001a00,#001a00,#001a00,#001a00,#001a00,#001a00,#001a00,#001a00,#001a00,#001a00,#001a00,#001a00,#001a00,#001a00,#001a00,#001a00,#001a00,#001a00,#001a00,#001a00,#001a00,#001a00,#001a00,#001a00,#001a00,#001a00,#001a00,#001a00,#001a00,#001a00,#001a00,#001a00,#001a00,#001a00,#001a00,#001a00,#001a00,#001a00,#001a00,#001a00,#001a00,#001a00,#001a00,#001a00,#001a00,#001a00
#001a00,#001a00,#001a00,#001a00,#001a00,#001a00,#001a00,#001a00,#001a00,#001a00,#001a00,#001a00,#001a00,#001a00,#001a00,#001a00,#001a00,#001a00,#001a00,#001a00,#001a00,#001a00,#001a00,#001a00,#001a00,#001a00,#001a00,#001a00,#001a00,#001a00,#001a00,#001a00,#001a00,#001a00,#001a00,#001a00,#001a00,#001a00,#001a00,#001a00,#001a00,#001a00,#001a00,#001a00,#001a00,#001a00,#001a00,#001a00,#001a00,#001a00,#002233,#002233,#002233,#002233,#002233,#001a00,#001a00,#001a00,#001a00,#001a00,#001a00,#001a00,#443300,#001a00,#1a0000,#443300,#443300,#443300,#443300,#443300,#443300,#443300,#443300,#443300,#443300,#443300,#443300,#443300,#443300,#443300,#443300,#443300,#443300,#443300,#443300,#1a0000,#1a0000,#001a00,#001a00,#001a00,#001a00,#001a00,#001a00,#001a00,#001a00,#001a00,#001a00,#001a00,#001a00,#001a00,#001a00,#001a00,#001a00,#001a00,#001a00,#001a00,#001a00,#001a00,#001a00,#001a00,#001a00,#001a00,#001a00,#001a00,#001a00,#001a00,#001a00,#001a00,#001a00,#001a00,#001a00,#001a00,#001a00,#001a00,#001a00,#001a00,#001a00,#001a00,#001a00,#001a00,#001a00,#001a00,#001a00,#001a00,#001a00,#001a00,#001a00,#001a00,#001a00,#001a00,#001a00,#001a00,#001a00,#001a00,#001a00,#001a00,#001a00,#001a00,#001a00,#001a00,#001a00,#001a00,#001a00,#001a00,#001a00,#001a00,#001a00,#001a00,#001a00,#001a00,#001a00,#001a00,#001a00,#001a00,#001a00,#001a00,#001a00,#001a00,#001a00,#001a00,#001a00,#001a00,#001a00,#001a00,#001a00,#001a00,#001a00,#001a00,#001a00,#001a00,#001a00,#001a00,#001a00,#001a00,#001a00,#001a00,#001a00,#001a00,#001a00,#001a00,#001a00,#001a00
#001a00,#001a00,#001a00,#001a00,#001a00,#001a00,#001a00,#001a00,#001a00,#001a00,#001a00,#001a00,#001a00,#001a00,#001a00,#001a00,#001a00,#001a00,#001a00,#001a00,#001a00,#001a00,#001a00,#001a00,#001a00,#001a00,#001a00,#001a00,#001a00,#001a00,#001a00,#001a00,#001a00,#001a00,#001a00,#001a00,#001a00,#001a00,#001a00,#001a00,#001a00,#001a00,#001a00,#001a00,#001a00,#001a00,#001a00,#001a00,#001a00,#001a00,#001a00,#002233,#002233,#002233,#002233,#002233,#002233,#001a00,#001a00,#001a00,#001a00,#001a00,#1a0000,#001a00,#1a0000,#443300,#443300,#443300,#443300,#443300,#443300,#443300,#443300,#443300,#443300,#443300,#443300,#443300,#443300,#443300,#443300,#443300,#443300,#1a0000,#1a0000,#001a00,#001a00,#001a00,#001a00,#001a00,#001a00,#001a00,#001a00,#001a00,#001a00,#001a00,#001a00,#001a00,#001a00,#001a00,#001a00,#001a00,#001a00,#001a00,#001a00,#001a00,#001a00,#001a00,#001a00,#001a00,#001a00,#001a00,#001a00,#001a00,#001a00,#001a00,#001a00,#001a00,#001a00,#001a00,#001a00,#001a00,#001a00,#001a00,#001a00,#001a00,#001a00,#001a00,#001a00,#001a00,#001a00,#001a00,#001a00,#001a00,#001a00,#001a00,#001a00,#001a00,#001a00,#001a00,#001a00,#001a00,#001a00,#001a00,#001a00,#001a00,#001a00,#001a00,#001a00,#001a00,#001a00,#001a00,#001a00,#001a00,#001a00,#001a00,#001a00,#001a00,#001a00,#001a00,#001a00,#001a00,#001a00,#001a00,#001a00,#001a00,#001a00,#001a00,#001a00,#001a00,#001a00,#001a00,#001a00,#001a00,#001a00,#001a00,#001a00,#001a00,#001a00,#001a00,#001a00,#001a00,#001a00,#001a00,#001a00,#001a00,#001a00,#001a00,#001a00,#001a00,#001a00,#001a00
#001a00,#001a00,#001a00,#001a00,#001a00,#001a00,#001a00,#001a00,#001a00,#001a00,#001a00,#001a00,#001a00,#001a00,#001a00,#001a00,#001a00,#001a00,#001a00,#001a00,#001a00,#001a00,#001a00,#001a00,#001a00,#001a00,#001a00,#001a00,#001a00,#001a00,#001a00,#001a00,#001a00,#001a00,#001a00,#001a00,#001a00,#001a00,#001a00,#001a00,#001a00,#001a00,#001a00,#001a00,#001a00,#001a00,#001a00,#001a00,#001a00,#001a00,#001a00,#001a00,#001a00,#002233,#002233,#002233,#002233,#002233,#002233,#001a00,#001a00,#001a00,#443300,#443300,#1a0000,#443300,#1a0000,#443300,#443300,#443300,#443300,#443300,#443300,#443300,#443300,#443300,#443300,#443300,#443300,#443300,#443300,#443300,#443300,#443300,#443300,#443300,#443300,#001a00,#001a00,#001a00,#001a00,#001a00,#001a00,#001a00,#001a00,#001a00,#001a00,#001a00,#001a00,#001a00,#001a00,#001a00,#001a00,#001a00,#001a00,#001a00,#001a00,#001a00,#001a00,#001a00,#001a00,#001a00,#001a00,#001a00,#001a00,#001a00,#001a00,#001a00,#001a00,#001a00,#001a00,#001a00,#001a00,#001a00,#001a00,#001a00,#001a00,#001a00,#001a00,#001a00,#001a00,#001a00,#001a00,#001a00,#001a00,#001a00,#001a00,#001a00,#001a00,#001a00,#001a00,#001a00,#001a00,#001a00,#001a00,#001a00,#001a00,#001a00,#001a00,#001a00,#001a00,#001a00,#001a00,#001a00,#001a00,#001a00,#001a00,#001a00,#001a00,#001a00,#001a00,#001a00,#001a00,#001a00,#001a00,#001a00,#001a00,#001a00,#001a00,#001a00,#001a00,#001a00,#001a00,#001a00,#001a00,#001a00,#001a00,#001a00,#001a00,#001a00,#001a00,#001a00,#001a00,#001a00,#001a00,#001a00,#001a00,#001a00,#001a00,#001a00,#001a00,#001a00
#001a00,#001a00,#001a00,#001a00,#001a00,#001a00,#001a00,#001a00,#001a00,#001a00,#001a00,#001a00,#001a00,#001a00,#001a00,#001a00,#001a00,#001a00,#001a00,#001a00,#001a00,#001a00,#001a00,#001a00,#001a00,#001a00,#001a00,#001a00,#001a00,#001a00,#001a00,#001a00,#001a00,#001a00,#001a00,#001a00,#001a00,#001a00,#001a00,#001a00,#001a00,#001a00,#001a00,#001a00,#001a00,#001a00,#001a00,#001a00,#001a00,#001a00,#001a00,#001a00,#001a00,#001a00,#001a00,#002233,#002233,#002233,#002233,#002233,#002233,#001a00,#001a00,#443300,#443300,#443300,#443300,#443300,#443300,#443300,#443300,#443300,#443300,#443300,#443300,#443300,#443300,#443300,#443300,#443300,#443300,#443300,#443300,#443300,#001a00,#1a0000,#1a0000,#001a00,#001a00,#001a00,#001a00,#001a00,#001a00,#001a00,#001a00,#001a00,#001a00,#001a00,#001a00,#001a00,#001a00,#001a00,#001a00,#001a00,#001a00,#001a00,#001a00,#001a00,#001a00,#001a00,#001a00,#001a00,#001a00,#001a00,#001a00,#001a00,#001a00,#001a00,#001a00,#001a00,#001a00,#001a00,#001a00,#001a00,#001a00,#001a00,#001a00,#001a00,#001a00,#001a00,#001a00,#001a00,#001a00,#001a00,#001a00,#001a00,#001a00,#001a00,#001a00,#001a00,#001a00,#001a00,#001a00,#001a00,#001a00,#001a00,#001a00,#001a00,#001a00,#001a00,#001a00,#001a00,#001a00,#001a00,#001a00,#001a00,#001a00,#001a00,#001a00,#001a00,#001a00,#001a00,#001a00,#001a00,#001a00,#001a00,#001a00,#001a00,#001a00,#001a00,#001a00,#001a00,#001a00,#001a00,#001a00,#001a00,#001a00,#001a00,#001a00,#001a00,#001a00,#001a00,#001a00,#001a00,#001a00,#001a00,#001a00,#001a00,#001a00,#001a00,#001a00,#001a00
#001a00,#001a00,#001a00,#001a00,#001a00,#001a00,#001a00,#001a00,#001a00,#001a00,#001a00,#001a00,#001a00,#001a00,#001a00,#001a00,#001a00,#001a00,#001a00,#001a00,#001a00,#001a00,#001a00,#001a00,#001a00,#001a00,#001a00,#001a00,#001a00,#001a00,#001a00,#001a00,#001a00,#001a00,#001a00,#001a00,#001a00,#001a00,#001a00,#001a00,#001a00,#001a00,#001a00,#001a00,#001a00,#001a00,#001a00,#001a00,#001a00,#001a00,#001a00,#001a00,#001a00,#001a00,#001a00,#001a00,#001a00,#001a00,#002233,#002233,#002233,#002233,#002233,#001a00,#443300,#443300,#1a0000,#443300,#443300,#443300,#443300,#443300,#443300,#443300,#443300,#443300,#443300,#443300,#443300,#443300,#443300,#443300,#443300,#443300,#001a00,#443300,#443300,#001a00,#001a00,#001a00,#001a00,#001a00,#001a00,#001a00,#001a00,#001a00,#001a00,#001a00,#001a00,#001a00,#001a00,#001a00,#001a00,#001a00,#001a00,#001a00,#001a00,#001a00,#001a00,#001a00,#001a00,#001a00,#001a00,#001a00,#001a00,#001a00,#001a00,#001a00,#001a00,#001a00,#001a00,#001a00,#001a00,#001a00,#001a00,#001a00,#001a00,#001a00,#001a00,#001a00,#001a00,#001a00,#001a00,#001a00,#001a00,#001a00,#001a00,#001a00,#001a00,#001a00,#001a00,#001a00,#001a00,#001a00,#001a00,#001a00,#001a00,#001a00,#001a00,#001a00,#001a00,#001a00,#001a00,#001a00,#001a00,#001a00,#001a00,#001a00,#001a00,#001a00,#001a00,#001a00,#001a00,#001a00,#001a00,#001a00,#001a00,#001a00,#001a00,#001a00,#001a00,#001a00,#001a00,#001a00,#001a00,#001a00,#001a00,#001a00,#001a00,#001a00,#001a00,#001a00,#001a00,#001a00,#001a00,#001a00,#001a00,#001a00,#001a00,#001a00,#001a00,#001a00
#001a00,#001a00,#001a00,#001a00,#001a00,#001a00,#001a00,#001a00,#001a00,#001a00,#001a00,#001a00,#001a00,#001a00,#001a00,#001a00,#001a00,#001a00,#001a00,#001a00,#001a00,#001a00,#001a00,#001a00,#001a00,#001a00,#001a00,#001a00,#001a00,#001a00,#001a00,#001a00,#001a00,#001a00,#001a00,#001a00,#001a00,#001a00,#001a00,#001a00,#001a00,#001a00,#001a00,#001a00,#001a00,#001a00,#001a00,#001a00,#001a00,#001a00,#001a00,#001a00,#001a00,#001a00,#001a00,#001a00,#001a00,#001a00,#001a00,#002233,#002233,#002233,#002233,#002233,#001a00,#443300,#1a0000,#443300,#443300,#443300,#443300,#443300,#443300,#443300,#443300,#443300,#443300,#443300,#443300,#443300,#443300,#443300,#443300,#443300,#001a00,#443300,#001a00,#001a00,#001a00,#001a00,#001a00,#001a00,#001a00,#001a00,#001a00,#001a00,#001a00,#001a00,#001a00,#001a00,#001a00,#001a00,#001a00,#001a00,#001a00,#001a00,#001a00,#001a00,#001a00,#001a00,#001a00,#001a00,#001a00,#001a00,#001a00,#001a00,#001a00,#001a00,#001a00,#001a00,#001a00,#001a00,#001a00,#001a00,#001a00,#001a00,#001a00,#001a00,#001a00,#001a00,#001a00,#001a00,#001a00,#001a00,#001a00,#001a00,#001a00,#001a00,#001a00,#001a00,#001a00,#001a00,#001a00,#001a00,#001a00,#001a00,#001a00,#001a00,#001a00,#001a00,#001a00,#001a00,#001a00,#001a00,#001a00,#001a00,#001a00,#001a00,#001a00,#001a00,#001a00,#001a00,#001a00,#001a00,#001a00,#001a00,#001a00,#001a00,#001a00,#001a00,#001a00,#001a00,#001a00,#001a00,#001a00,#001a00,#001a00,#001a00,#001a00,#001a00,#001a00,#001a00,#001a00,#001a00,#001a00,#001a00,#001a00,#001a00,#001a00,#001a00,#001a00,#001a00
#001a00,#001a00,#001a00,#001a00,#001a00,#001a00,#001a00,#001a00,#001a00,#001a00,#001a00,#001a00,#001a00,#001a00,#001a00,#001a00,#001a00,#001a00,#001a00,#001a00,#001a00,#001a00,#001a00,#001a00,#001a00,#001a00,#001a00,#001a00,#001a00,#001a00,#001a00,#001a00,#001a00,#001a00,#001a00,#001a00,#001a00,#001a00,#001a00,#001a00,#001a00,#001a00,#001a00,#001a00,#001a00,#001a00,#001a00,#001a00,#001a00,#001a00,#001a00,#001a00,#001a00,#001a00,#001a00,#001a00,#001a00,#001a00,#001a00,#001a00,#001a00,#001a00,#002233,#002233,#002233,#001a00,#443300,#443300,#443300,#443300,#443300,#443300,#443300,#443300,#443300,#443300,#443300,#443300,#443300,#443300,#443300,#443300,#443300,#443300,#1a0000,#443300,#443300,#001a00,#001a00,#001a00,#001a00,#001a00,#001a00,#001a00,#001a00,#001a00,#001a00,#001a00,#001a00,#001a00,#001a00,#001a00,#001a00,#001a00,#001a00,#001a00,#001a00,#001a00,#001a00,#001a00,#001a00,#001a00,#001a00,#001a00,#001a00,#001a00,#001a00,#001a00,#001a00,#001a00,#001a00,#001a00,#001a00,#001a00,#001a00,#001a00,#001a00,#001a00,#001a00,#001a00,#001a00,#001a00,#001a00,#001a00,#001a00,#001a00,#001a00,#001a00,#001a00,#001a00,#001a00,#001a00,#001a00,#001a00,#001a00,#001a00,#001a00,#001a00,#001a00,#001a00,#001a00,#001a00,#001a00,#001a00,#001a00,#001a00,#001a00,#001a00,#001a00,#001a00,#001a00,#001a00,#001a00,#001a00,#001a00,#001a00,#001a00,#001a00,#001a00,#001a00,#001a00,#001a00,#001a00,#001a00,#001a00,#001a00,#001a00,#001a00,#001a00,#001a00,#001a00,#001a00,#001a00,#001a00,#001a00,#001a00,#001a00,#001a00,#001a00,#001a00,#001a00,#001a00
#001a00,#001a00,#001a00,#001a00,#001a00,#001a00,#001a00,#001a00,#001a00,#001a00,#001a00,#001a00,#001a00,#001a00,#001a00,#001a00,#001a00,#001a00,#001a00,#001a00,#001a00,#001a00,#001a00,#001a00,#001a00,#001a00,#001a00,#001a00,#001a00,#001a00,#001a00,#001a00,#001a00,#001a00,#001a00,#001a00,#001a00,#001a00,#001a00,#001a00,#001a00,#001a00,#001a00,#001a00,#001a00,#001a00,#001a00,#001a00,#001a00,#001a00,#001a00,#001a00,#001a00,#001a00,#001a00,#001a00,#001a00,#001a00,#001a00,#001a00,#001a00,#001a00,#002233,#002233,#002233,#443300,#1a0000,#443300,#443300,#443300,#443300,#443300,#443300,#443300,#443300,#443300,#443300,#443300,#443300,#443300,#443300,#443300,#443300,#443300,#1a0000,#001a00,#001a00,#001a00,#001a00,#001a00,#001a00,#001a00,#001a00,#001a00,#001a00,#001a00,#001a00,#001a00,#001a00,#001a00,#001a00,#001a00,#001a00,#001a00,#001a00,#001a00,#001a00,#001a00,#001a00,#001a00,#001a00,#001a00,#001a00,#001a00,#001a00,#001a00,#001a00,#001a00,#001a00,#001a00,#001a00,#001a00,#001a00,#001a00,#001a00,#001a00,#001a00,#001a00,#001a00,#001a00,#001a00,#001a00,#001a00,#001a00,#001a00,#001a00,#001a00,#001a00,#001a00,#001a00,#001a00,#001a00,#001a00,#001a00,#001a00,#001a00,#001a00,#001a00,#001a00,#001a00,#001a00,#001a00,#001a00,#001a00,#001a00,#001a00,#001a00,#001a00,#001a00,#001a00,#001a00,#001a00,#001a00,#001a00,#001a00,#001a00,#001a00,#001a00,#001a00,#001a00,#001a00,#001a00,#001a00,#001a00,#001a00,#001a00,#001a00,#001a00,#001a00,#001a00,#001a00,#001a00,#001a00,#001a00,#001a00,#001a00,#001a00,#001a00,#001a00,#001a00,#001a00,#001a00
#001a00,#001a00,#001a00,#001a00,#001a00,#001a00,#001a00,#001a00,#001a00,#001a00,#001a00,#001a00,#001a00,#001a00,#001a00,#001a00,#001a00,#001a00,#001a00,#001a00,#001a00,#001a00,#001a00,#001a00,#001a00,#001a00,#001a00,#001a00,#001a00,#001a00,#001a00,#001a00,#001a00,#001a00,#001a00,#001a00,#001a00,#001a00,#001a00,#001a00,#001a00,#001a00,#001a00,#001a00,#001a00,#001a00,#001a00,#001a00,#001a00,#001a00,#001a00,#001a00,,,,,#001a00,#001a00,#001a00,#001a00,#001a00,#001a00,#1a0000,#002233,#002233,#1a0000,#1a0000,#443300,#443300,#443300,#443300,#443300,#443300,#443300,#443300,#443300,#443300,#443300,#443300,#443300,#443300,#443300,#443300,#443300,#1a0000,#001a00,#001a00,#001a00,#001a00,#001a00,#001a00,#001a00,#001a00,#001a00,#001a00,#001a00,#001a00,#001a00,#001a00,#001a00,#001a00,#001a00,#001a00,#001a00,#001a00,#001a00,#001a00,#001a00,#001a00,#001a00,#001a00,#001a00,#001a00,#001a00,#001a00,#001a00,#001a00,#001a00,#001a00,#001a00,#001a00,#001a00,#001a00,#001a00,#001a00,#001a00,#001a00,#001a00,#001a00,#001a00,#001a00,#001a00,#001a00,#001a00,#001a00,#001a00,#001a00,#001a00,#001a00,#001a00,#001a00,#001a00,#001a00,#001a00,#001a00,#001a00,#001a00,#001a00,#001a00,#001a00,#001a00,#001a00,#001a00,#001a00,#001a00,#001a00,#001a00,#001a00,#001a00,#001a00,#001a00,#001a00,#001a00,#001a00,#001a00,#001a00,#001a00,#001a00,#001a00,#001a00,#001a00,#001a00,#001a00,#001a00,#001a00,#001a00,#001a00,#001a00,#001a00,#001a00,#001a00,#001a00,#001a00,#001a00,#001a00,#001a00,#001a00,#001a00,#001a00,#001a00,#001a00,#001a00
#001a00,#001a00,#001a00,#001a00,#001a00,#001a00,#001a00,#001a00,#001a00,#001a00,#001a00,#001a00,#001a00,#001a00,#001a00,#001a00,#001a00,#001a00,#001a00,#001a00,#001a00,#001a00,#001a00,#001a00,#001a00,#001a00,#001a00,#001a00,#001a00,#001a00,#001a00,#001a00,#001a00,#001a00,#001a00,#001a00,#001a00,#001a00,#001a00,#001a00,#001a00,#001a00,#001a00,#001a00,#001a00,#001a00,#001a00,#001a00,#001a00,#001a00,#001a00,,,#1a1a00,#1a1a00,,,#001a00,#001a00,#001a00,#001a00,#001a00,#001a00,#002233,#002233,#002233,#443300,#443300,#443300,#443300,#443300,#443300,#443300,#443300,#443300,#443300,#443300,#443300,#443300,#443300,#443300,#443300,#443300,#443300,#001a00,#443300,#001a00,#001a00,#001a00,#001a00,#001a00,#001a00,#001a00,#001a00,#001a00,#001a00,#001a00,#001a00,#001a00,#001a00,#001a00,#001a00,#001a00,#001a00,#001a00,#001a00,#001a00,#001a00,#001a00,#001a00,#001a00,#001a00,#001a00,#001a00,#001a00,#001a00,#001a00,#001a00,#001a00,#001a00,#001a00,#001a00,#001a00,#001a00,#001a00,#001a00,#001a00,#001a00,#001a00,#001a00,#001a00,#001a00,#001a00,#001a00,#001a00,#001a00,#001a00,#001a00,#001a00,#001a00,#001a00,#001a00,#001a00,#001a00,#001a00,#001a00,#001a00,#001a00,#001a00,#001a00,#001a00,#001a00,#001a00,#001a00,#001a00,#001a00,#001a00,#001a00,#001a00,#001a00,#001a00,#001a00,#001a00,#001a00,#001a00,#001a00,#001a00,#001a00,#001a00,#001a00,#001a00,#001a00,#001a00,#001a00,#001a00,#001a00,#001a00,#001a00,#001a00,#001a00,#001a00,#001a00,#001a00,#001a00,#001a00,#001a00,#001a00,#001a00,#001a00,#001a00,#001a00,#001a00
#001a00,#001a00,#001a00,#001a00,#001a00,#001a00,#001a00,#001a00,#001a00,#001a00,#001a00,#001a00,#001a00,#001a00,#001a00,#001a00,#001a00,#001a00,#001a00,#001a00,#001a00,#001a00,#001a00,#001a00,#001a00,#001a00,#001a00,#001a00,#001a00,#001a00,#001a00,#001a00,#001a00,#001a00,#001a00,#001a00,#001a00,#001a00,#001a00,#001a00,#001a00,#001a00,#001a00,#001a00,#001a00,#001a00,#001a00,#001a00,#001a00,#001a00,#001a00,,#1a1a00,#1a1a00,#1a1a00,#1a1a00,,#001a00,#001a00,#001a00,#001a00,#001a00,#001a00,#002233,#002233,#002233,#002233,#443300,#443300,#443300,#443300,#443300,#443300,#443300,#443300,#443300,#443300,#443300,#443300,#443300,#443300,#443300,#443300,#443300,#443300,#001a00,#1a0000,#001a00,#001a00,#001a00,#001a00,#001a00,#001a00,#001a00,#001a00,#001a00,#001a00,#001a00,#001a00,#001a00,#001a00,#001a00,#001a00,#001a00,#001a00,#001a00,#001a00,#001a00,#001a00,#001a00,#001a00,#001a00,#001a00,#001a00,#001a00,#001a00,#001a00,#001a00,#001a00,#001a00,#001a00,#001a00,#001a00,#001a00,#001a00,#001a00,#001a00,#001a00,#001a00,#001a00,#001a00,#001a00,#001a00,#001a00,#001a00,#001a00,#001a00,#001a00,#001a00,#001a00,#001a00,#001a00,#001a00,#001a00,#001a00,#001a00,#001a00,#001a00,#001a00,#001a00,#001a00,#001a00,#001a00,#001a00,#001a00,#001a00,#001a00,#001a00,#001a00,#001a00,#001a00,#001a00,#001a00,#001a00,#001a00,#001a00,#001a00,#001a00,#001a00,#001a00,#001a00,#001a00,#001a00,#001a00,#001a00,#001a00,#001a00,#001a00,#001a00,#001a00,#001a00,#001a00,#001a00,#001a00,#001a00,#001a00,#001a00,#001a00,#001a00,#001a00,#001a00,#001a00
#001a00,#001a00,#001a00,#001a00,#001a00,#001a00,#001a00,#001a00,#001a00,#001a00,#001a00,#001a00,#001a00,#001a00,#001a00,#001a00,#001a00,#001a00,#001a00,#001a00,#001a00,#001a00,#001a00,#001a00,#001a00,#001a00,#001a00,#001a00,#001a00,#001a00,#001a00,#001a00,#001a00,#001a00,#001a00,#001a00,#001a00,#001a00,#001a00,#001a00,#001a00,#001a00,#001a00,#001a00,#001a00,#001a00,#001a00,#001a00,,,,,,#443300,#443300,,,,,,#001a00,#001a00,#001a00,#1a0000,#002233,#002233,#002233,#443300,#443300,#443300,#443300,#443300,#443300,#443300,#443300,#443300,#443300,#443300,#443300,#443300,#443300,#443300,#443300,#443300,#1a0000,#443300,#443300,#001a00,#001a00,#001a00,#001a00,#001a00,#001a00,#001a00,#001a00,#001a00,#001a00,#001a00,#001a00,#001a00,#001a00,#001a00,#001a00,#001a00,#001a00,#001a00,#001a00,#001a00,#001a00,#001a00,#001a00,#001a00,#001a00,#001a00,#001a00,#001a00,#001a00,#001a00,#001a00,#001a00,#001a00,#001a00,#001a00,#001a00,#001a00,#001a00,#001a00,#001a00,#001a00,#001a00,#001a00,#001a00,#001a00,#001a00,#001a00,#001a00,#001a00,#001a00,#001a00,#001a00,#001a00,#001a00,#001a00,#001a00,#001a00,#001a00,#001a00,#001a00,#001a00,#001a00,#001a00,#001a00,#001a00,#001a00,#001a00,#001a00,#001a00,#001a00,#001a00,#001a00,#001a00,#001a00,#001a00,#001a00,#001a00,#001a00,#001a00,#001a00,#001a00,#001a00,#001a00,#001a00,#001a00,#001a00,#001a00,#001a00,#001a00,#001a00,#001a00,#001a00,#001a00,#001a00,#001a00,#001a00,#001a00,#001a00,#001a00,#001a00,#001a00,#001a00,#001a00,#001a00
#001a00,#001a00,#001a00,#001a00,#001a00,#001a00,#001a00,#001a00,#001a00,#001a00,#001a00,#001a00,#001a00,#001a00,#001a00,#001a00,#001a00,#001a00,#001a00,#001a00,#001a00,#001a00,#001a00,#001a00,#001a00,#001a00,#001a00,#001a00,#001a00,#001a00,#001a00,#001a00,#001a00,#001a00,#001a00,#001a00,#001a00,#001a00,#001a00,#001a00,#001a00,#001a00,#001a00,#001a00,#001a00,#001a00,#001a00,#001a00,,#001a00,#1a1a00,#1a1a00,#1a1a00,#443300,#443300,#1a1a00,#1a1a00,#1a1a00,#001a00,,#001a00,#001a00,#001a00,#001a00,#001a00,#002233,#002233,#443300,#443300,#443300,#443300,#443300,#443300,#443300,#443300,#443300,#443300,#443300,#443300,#443300,#443300,#443300,#443300,#443300,#001a00,#1a0000,#443300,#001a00,#001a00,#001a00,#001a00,#001a00,#001a00,#001a00,#001a00,#001a00,#001a00,#001a00,#001a00,#001a00,#001a00,#001a00,#001a00,#001a00,#001a00,#001a00,#001a00,#001a00,#001a00,#001a00,#001a00,#001a00,#001a00,#001a00,#001a00,#001a00,#001a00,#001a00,#001a00,#001a00,#001a00,#001a00,#001a00,#001a00,#001a00,#001a00,#001a00,#001a00,#001a00,#001a00,#001a00,#001a00,#001a00,#001a00,#001a00,#001a00,#001a00,#001a00,#001a00,#001a00,#001a00,#001a00,#001a00,#001a00,#001a00,#001a00,#001a00,#001a00,#001a00,#001a00,#001a00,#001a00,#001a00,#001a00,#001a00,#001a00,#001a00,#001a00,#001a00,#001a00,#001a00,#001a00,#001a00,#001a00,#001a00,#001a00,#001a00,#001a00,#001a00,#001a00,#001a00,#001a00,#001a00,#001a00,#001a00,#001a00,#001a00,#001a00,#001a00,#001a00,#001a00,#001a00,#001a00,#001a00,#001a00,#001a00,#001a00,#001a00,#001a00,#001a00,#001a00,#001a00
#001a00,#001a00,#001a00,#001a00,#001a00,#001a00,#001a00,#001a00,#001a00,#001a00,#001a00,#001a00,#001a00,#001a00,#001a00,#001a00,#001a00,#001a00,#001a00,#001a00,#001a00,#001a00,#001a00,#001a00,#001a00,#001a00,#001a00,#001a00,#001a00,#001a00,#001a00,#001a00,#001a00,#001a00,#001a00,#001a00,#001a00,#001a00,#001a00,#001a00,#001a00,#001a00,#001a00,#001a00,#001a00,#001a00,#001a00,#001a00,,#1a1a00,#1a1a00,#443300,#001a00,#443300,#443300,#001a00,#443300,#1a1a00,#1a1a00,,#001a00,#001a00,#001a00,#443300,#443300,#002233,#002233,#443300,#443300,#443300,#443300,#443300,#443300,#443300,#443300,#443300,#443300,#443300,#443300,#443300,#443300,#443300,#443300,#443300,#001a00,#443300,#001a00,#001a00,#001a00,#001a00,#001a00,#001a00,#001a00,#001a00,#001a00,#001a00,#001a00,#001a00,#001a00,#001a00,#001a00,#001a00,#001a00,#001a00,#001a00,#001a00,#001a00,#001a00,#001a00,#001a00,#001a00,#001a00,#001a00,#001a00,#001a00,#001a00,#001a00,#001a00,#001a00,#001a00,#001a00,#001a00,#001a00,#001a00,#001a00,#001a00,#001a00,#001a00,#001a00,#001a00,#001a00,#001a00,#001a00,#001a00,#001a00,#001a00,#001a00,#001a00,#001a00,#001a00,#001a00,#001a00,#001a00,#001a00,#001a00,#001a00,#001a00,#001a00,#001a00,#001a00,#001a00,#001a00,#001a00,#001a00,#001a00,#001a00,#001a00,#001a00,#001a00,#001a00,#001a00,#001a00,#001a00,#001a00,#001a00,#001a00,#001a00,#001a00,#001a00,#001a00,#001a00,#001a00,#001a00,#001a00,#001a00,#001a00,#001a00,#001a00,#001a00,#001a00,#001a00,#001a00,#001a00,#001a00,#001a00,#001a00,#001a00,#001a00,#001a00,#001a00,#001a00,#001a00
#001a00,#001a00,#001a00,#001a00,#001a00,#001a00,#001a00,#001a00,#001a00,#001a00,#001a00,#001a00,#001a00,#001a00,#001a00,#001a00,#001a00,#001a00,#001a00,#001a00,#001a00,#001a00,#001a00,#001a00,#001a00,#001a00,#001a00,#001a00,#001a00,#001a00,#001a00,#001a00,#001a00,#001a00,#001a00,#001a00,#001a00,#001a00,#001a00,#001a00,#001a00,#001a00,#001a00,#001a00,#001a00,#001a00,,,,#1a1a00,#001a00,#443300,#443300,#443300,#443300,#443300,#443300,#001a00,#1a1a00,,,,#001a00,#443300,#443300,#002233,#002233,#443300,#443300,#443300,#443300,#443300,#443300,#443300,#443300,#443300,#443300,#443300,#443300,#443300,#443300,#443300,#443300,#443300,#1a0000,#001a00,#1a0000,#001a00,#001a00,#001a00,#001a00,#001a00,#001a00,#001a00,#001a00,#001a00,#001a00,#001a00,#001a00,#001a00,#001a00,#001a00,#001a00,#001a00,#001a00,#001a00,#001a00,#001a00,#001a00,#001a00,#001a00,#001a00,#001a00,#001a00,#001a00,#001a00,#001a00,#001a00,#001a00,#001a00,#001a00,#001a00,#001a00,#001a00,#001a00,#001a00,#001a00,#001a00,#001a00,#001a00,#001a00,#001a00,#001a00,#001a00,#001a00,#001a00,#001a00,#001a00,#001a00,#001a00,#001a00,#001a00,#001a00,#001a00,#001a00,#001a00,#001a00,#001a00,#001a00,#001a00,#001a00,#001a00,#001a00,#001a00,#001a00,#001a00,#001a00,#001a00,#001a00,#001a00,#001a00,#001a00,#001a00,#001a00,#001a00,#001a00,#001a00,#001a00,#001a00,#001a00,#001a00,#001a00,#001a00,#001a00,#001a00,#001a00,#001a00,#001a00,#001a00,#001a00,#001a00,#001a00,#001a00,#001a00,#001a00,#001a00,#001a00,#001a00,#001a00,#001a00,#001a00,#001a00
#001a00,#001a00,#001a00,#001a00,#001a00,#001a00,#001a00,#001a00,#001a00,#001a00,#001a00,#001a00,#001a00,#001a00,#001a00,#001a00,#001a00,#001a00,#001a00,#001a00,#001a00,#001a00,#001a00,#001a00,#001a00,#001a00,#001a00,#001a00,#001a00,#001a00,#001a00,#001a00,#001a00,#001a00,#001a00,#001a00,#001a00,#001a00,#001a00,#001a00,#001a00,#001a00,#001a00,#001a00,#001a00,,,#1a1a00,,#1a1a00,#443300,#443300,#001a00,#443300,#443300,#001a00,#443300,#443300,#1a1a00,,#1a1a00,,,#443300,#443300,#002233,#002233,#443300,#443300,#443300,#443300,#443300,#443300,#443300,#443300,#443300,#443300,#443300,#443300,#443300,#443300,#443300,#443300,#001a00,#001a00,#001a00,#001a00,#001a00,#001a00,#001a00,#001a00,#001a00,#001a00,#001a00,#001a00,#001a00,#001a00,#001a00,#001a00,#001a00,#001a00,#001a00,#001a00,#001a00,#001a00,#001a00,#001a00,#001a00,#001a00,#001a00,#001a00,#001a00,#001a00,#001a00,#001a00,#001a00,#001a00,#001a00,#001a00,#001a00,#001a00,#001a00,#001a00,#001a00,#001a00,#001a00,#001a00,#001a00,#001a00,#001a00,#001a00,#001a00,#001a00,#001a00,#001a00,#001a00,#001a00,#001a00,#001a00,#001a00,#001a00,#001a00,#001a00,#001a00,#001a00,#001a00,#001a00,#001a00,#001a00,#001a00,#001a00,#001a00,#001a00,#001a00,#001a00,#001a00,#001a00,#001a00,#001a00,#001a00,#001a00,#001a00,#001a00,#001a00,#001a00,#001a00,#001a00,#001a00,#001a00,#001a00,#001a00,#001a00,#001a00,#001a00,#001a00,#001a00,#001a00,#001a00,#001a00,#001a00,#001a00,#001a00,#001a00,#001a00,#001a00,#001a00,#001a00,#001a00,#001a00,#001a00,#001a00,#001a00
#001a00,#001a00,#001a00,#001a00,#001a00,#001a00,#001a00,#001a00,#001a00,#001a00,#001a00,#001a00,#001a00,#001a00,#001a00,#001a00,#001a00,#001a00,#001a00,#001a00,#001a00,#001a00,#001a00,#001a00,#001a00,#001a00,#001a00,#001a00,#001a00,#001a00,#001a00,#001a00,#001a00,#001a00,#001a00,#001a00,#001a00,#001a00,#001a00,#001a00,#001a00,#001a00,#001a00,#001a00,#001a00,,#1a1a00,#1a1a00,#443300,#443300,#001a00,#443300,#443300,#443300,#443300,#443300,#443300,#001a00,#443300,#443300,#1a1a00,#1a1a00,,#443300,#443300,#443300,#443300,#443300,#443300,#443300,#443300,#443300,#443300,#443300,#443300,#443300,#443300,#443300,#443300,#443300,#443300,#443300,#443300,#001a00,#1a0000,#1a0000,#443300,#001a00,#001a00,#001a00,#001a00,#001a00,#001a00,#001a00,#001a00,#001a00,#001a00,#001a00,#001a00,#001a00,#001a00,#001a00,#001a00,#001a00,#001a00,#001a00,#001a00,#001a00,#001a00,#001a00,#001a00,#001a00,#001a00,#001a00,#001a00,#001a00,#001a00,#001a00,#001a00,#001a00,#001a00,#001a00,#001a00,#001a00,#001a00,#001a00,#001a00,#001a00,#001a00,#001a00,#001a00,#001a00,#001a00,#001a00,#001a00,#001a00,#001a00,#001a00,#001a00,#001a00,#001a00,#001a00,#001a00,#001a00,#001a00,#001a00,#001a00,#001a00,#001a00,#001a00,#001a00,#001a00,#001a00,#001a00,#001a00,#001a00,#001a00,#001a00,#001a00,#001a00,#001a00,#001a00,#001a00,#001a00,#001a00,#001a00,#001a00,#001a00,#001a00,#001a00,#001a00,#001a00,#001a00,#001a00,#001a00,#001a00,#001a00,#001a00,#001a00,#001a00,#001a00,#001a00,#001a00,#001a00,#001a00,#001a00,#001a00,#001a00,#001a00,#001a00,#001a00,#001a00
#001a00,#001a00,#001a00,#001a00,#001a00,#001a00,#001a00,#001a00,#001a00,#001a00,#001a00,#001a00,#001a00,#001a00,#001a00,#001a00,#001a00,#001a00,#001a00,#001a00,#001a00,#001a00,#001a00,#001a00,#001a00,#001a00,#001a00,#001a00,#001a00,#001a00,#001a00,#001a00,#001a00,#001a00,#001a00,#001a00,#001a00,#001a00,#001a00,#001a00,#001a00,#001a00,#001a00,#001a00,#001a00,,#1a1a00,#1a1a00,#443300,#443300,#443300,#443300,#001a00,#443300,#443300,#001a00,#443300,#443300,#443300,#443300,#1a1a00,#1a1a00,,#443300,#443300,#443300,#443300,#443300,#443300,#443300,#443300,#443300,#443300,#443300,#443300,#443300,#443300,#443300,#443300,#443300,#443300,#443300,#443300,#001a00,#001a00,#001a00,#1a0000,#001a00,#001a00,#001a00,#001a00,#001a00,#001a00,#001a00,#001a00,#001a00,#001a00,#001a00,#001a00,#001a00,#001a00,#001a00,#001a00,#001a00,#001a00,#001a00,#001a00,#001a00,#001a00,#001a00,#001a00,#001a00,#001a00,#001a00,#001a00,#001a00,#001a00,#001a00,#001a00,#001a00,#001a00,#001a00,#001a00,#001a00,#001a00,#001a00,#001a00,#001a00,#001a00,#001a00,#001a00,#001a00,#001a00,#001a00,#001a00,#001a00,#001a00,#001a00,#001a00,#001a00,#001a00,#001a00,#001a00,#001a00,#001a00,#001a00,#001a00,#001a00,#001a00,#001a00,#001a00,#001a00,#001a00,#001a00,#001a00,#001a00,#001a00,#001a00,#001a00,#001a00,#001a00,#001a00,#001a00,#001a00,#001a00,#001a00,#001a00,#001a00,#001a00,#001a00,#001a00,#001a00,#001a00,#001a00,#001a00,#001a00,#001a00,#001a00,#001a00,#001a00,#001a00,#001a00,#001a00,#001a00,#001a00,#001a00,#001a00,#001a00,#001a00,#001a00,#001a00,#001a00
#001a00,#001a00,#001a00,#001a00,#001a00,#001a00,#001a00,#001a00,#001a00,#001a00,#001a00,#001a00,#001a00,#001a00,#001a00,#001a00,#001a00,#001a00,#001a00,#001a00,#001a00,#001a00,#001a00,#001a00,#001a00,#001a00,#001a00,#001a00,#001a00,#001a00,#001a00,#001a00,#001a00,#001a00,#001a00,#001a00,#001a00,#001a00,#001a00,#001a00,#001a00,#001a00,#001a00,#001a00,#001a00,,,#1a1a00,,#1a1a00,#001a00,#443300,#443300,#443300,#443300,#443300,#443300,#001a00,#1a1a00,,#1a1a00,,,#443300,#443300,#002233,#002233,#443300,#443300,#443300,#443300,#443300,#443300,#443300,#443300,#443300,#443300,#443300,#443300,#443300,#443300,#443300,#443300,#001a00,#001a00,#001a00,#1a0000,#001a00,#001a00,#001a00,#001a00,#001a00,#001a00,#001a00,#001a00,#001a00,#001a00,#001a00,#001a00,#001a00,#001a00,#001a00,#001a00,#001a00,#001a00,#001a00,#001a00,#001a00,#001a00,#001a00,#001a00,#001a00,#001a00,#001a00,#001a00,#001a00,#001a00,#001a00,#001a00,#001a00,#001a00,#001a00,#001a00,#001a00,#001a00,#001a00,#001a00,#001a00,#001a00,#001a00,#001a00,#001a00,#001a00,#001a00,#001a00,#001a00,#001a00,#001a00,#001a00,#001a00,#001a00,#001a00,#001a00,#001a00,#001a00,#001a00,#001a00,#001a00,#001a00,#001a00,#001a00,#001a00,#001a00,#001a00,#001a00,#001a00,#001a00,#001a00,#001a00,#001a00,#001a00,#001a00,#001a00,#001a00,#001a00,#001a00,#001a00,#001a00,#001a00,#001a00,#001a00,#001a00,#001a00,#001a00,#001a00,#001a00,#001a00,#001a00,#001a00,#001a00,#001a00,#001a00,#001a00,#001a00,#001a00,#001a00,#001a00,#001a00,#001a00,#001a00,#001a00,#001a00
#001a00,#001a00,#001a00,#001a00,#001a00,#001a00,#001a00,#001a00,#001a00,#001a00,#001a00,#001a00,#001a00,#001a00,#001a00,#001a00,#001a00,#001a00,#001a00,#001a00,#001a00,#001a00,#001a00,#001a00,#001a00,#001a00,#001a00,#001a00,#001a00,#001a00,#001a00,#001a00,#001a00,#001a00,#001a00,#001a00,#001a00,#001a00,#001a00,#001a00,#001a00,#001a00,#001a00,#001a00,#001a00,#001a00,,,,#1a1a00,#443300,#443300,#001a00,#443300,#443300,#001a00,#443300,#443300,#1a1a00,,,,#001a00,#1a0000,#443300,#002233,#002233,#443300,#443300,#443300,#443300,#443300,#443300,#443300,#443300,#443300,#443300,#443300,#443300,#443300,#443300,#443300,#443300,#1a0000,#001a00,#443300,#1a0000,#001a00,#001a00,#001a00,#001a00,#001a00,#001a00,#001a00,#001a00,#001a00,#001a00,#001a00,#001a00,#001a00,#001a00,#001a00,#001a00,#001a00,#001a00,#001a00,#001a00,#001a00,#001a00,#001a00,#001a00,#001a00,#001a00,#001a00,#001a00,#001a00,#001a00,#001a00,#001a00,#001a00,#001a00,#001a00,#001a00,#001a00,#001a00,#001a00,#001a00,#001a00,#001a00,#001a00,#001a00,#001a00,#001a00,#001a00,#001a00,#001a00,#001a00,#001a00,#001a00,#001a00,#001a00,#001a00,#001a00,#001a00,#001a00,#001a00,#001a00,#001a00,#001a00,#001a00,#001a00,#001a00,#001a00,#001a00,#001a00,#001a00,#001a00,#001a00,#001a00,#001a00,#001a00,#001a00,#001a00,#001a00,#001a00,#001a00,#001a00,#001a00,#001a00,#001a00,#001a00,#001a00,#001a00,#001a00,#001a00,#001a00,#001a00,#001a00,#001a00,#001a00,#001a00,#001a00,#001a00,#001a00,#001a00,#001a00,#001a00,#001a00,#001a00,#001a00,#001a00,#001a00
#001a00,#001a00,#001a00,#001a00,#001a00,#001a00,#001a00,#001a00,#001a00,#001a00,#001a00,#001a00,#001a00,#001a00,#001a00,#001a00,#001a00,#001a00,#001a00,#001a00,#001a00,#001a00,#001a00,#001a00,#001a00,#001a00,#001a00,#001a00,#001a00,#001a00,#001a00,#001a00,#001a00,#001a00,#001a00,#001a00,#001a00,#001a00,#001a00,#001a00,#001a00,#001a00,#001a00,#001a00,#001a00,#001a00,#001a00,#001a00,,#1a1a00,#001a00,#443300,#443300,#443300,#443300,#443300,#443300,#001a00,#1a1a00,,#001a00,#001a00,#001a00,#001a00,#443300,#002233,#002233,#443300,#443300,#443300,#443300,#443300,#443300,#443300,#443300,#443300,#443300,#443300,#443300,#443300,#443300,#443300,#443300,#1a0000,#001a00,#1a0000,#443300,#001a00,#001a00,#001a00,#001a00,#001a00,#001a00,#001a00,#001a00,#001a00,#001a00,#001a00,#001a00,#001a00,#001a00,#001a00,#001a00,#001a00,#001a00,#001a00,#001a00,#001a00,#001a00,#001a00,#001a00,#001a00,#001a00,#001a00,#001a00,#001a00,#001a00,#001a00,#001a00,#001a00,#001a00,#001a00,#001a00,#001a00,#001a00,#001a00,#001a00,#001a00,#001a00,#001a00,#001a00,#001a00,#001a00,#001a00,#001a00,#001a00,#001a00,#001a00,#001a00,#001a00,#001a00,#001a00,#001a00,#001a00,#001a00,#001a00,#001a00,#001a00,#001a00,#001a00,#001a00,#001a00,#001a00,#001a00,#001a00,#001a00,#001a00,#001a00,#001a00,#001a00,#001a00,#001a00,#001a00,#001a00,#001a00,#001a00,#001a00,#001a00,#001a00,#001a00,#001a00,#001a00,#001a00,#001a00,#001a00,#001a00,#001a00,#001a00,#001a00,#001a00,#001a00,#001a00,#001a00,#001a00,#001a00,#001a00,#001a00,#001a00,#001a00,#001a00,#001a00,#001a00
#001a00,#001a00,#001a00,#001a00,#001a00,#001a00,#001a00,#001a00,#001a00,#001a00,#001a00,#001a00,#001a00,#001a00,#001a00,#001a00,#001a00,#001a00,#001a00,#001a00,#001a00,#001a00,#001a00,#001a00,#001a00,#001a00,#001a00,#001a00,#001a00,#001a00,#001a00,#001a00,#001a00,#001a00,#001a00,#001a00,#001a00,#001a00,#001a00,#001a00,#001a00,#001a00,#001a00,#001a00,#001a00,#001a00,#001a00,#001a00,,#001a00,#1a1a00,#1a1a00,#1a1a00,#443300,#443300,#1a1a00,#1a1a00,#1a1a00,#001a00,,#001a00,#001a00,#001a00,#001a00,#001a00,#002233,#002233,#443300,#443300,#443300,#443300,#443300,#443300,#443300,#443300,#443300,#443300,#443300,#443300,#443300,#443300,#443300,#443300,#001a00,#001a00,#443300,#1a0000,#001a00,#001a00,#001a00,#001a00,#001a00,#001a00,#001a00,#001a00,#001a00,#001a00,#001a00,#001a00,#001a00,#001a00,#001a00,#001a00,#001a00,#001a00,#001a00,#001a00,#001a00,#001a00,#001a00,#001a00,#001a00,#001a00,#001a00,#001a00,#001a00,#001a00,#001a00,#001a00,#001a00,#001a00,#001a00,#001a00,#001a00,#001a00,#001a00,#001a00,#001a00,#001a00,#001a00,#001a00,#001a00,#001a00,#001a00,#001a00,#001a00,#001a00,#001a00,#001a00,#001a00,#001a00,#001a00,#001a00,#001a00,#001a00,#001a00,#001a00,#001a00,#001a00,#001a00,#001a00,#001a00,#001a00,#001a00,#001a00,#001a00,#001a00,#001a00,#001a00,#001a00,#001a00,#001a00,#001a00,#001a00,#001a00,#001a00,#001a00,#001a00,#001a00,#001a00,#001a00,#001a00,#001a00,#001a00,#001a00,#001a00,#001a00,#001a00,#001a00,#001a00,#001a00,#001a00,#001a00,#001a00,#001a00,#001a00,#001a00,#001a00,#001a00,#001a00,#001a00,#001a00
#001a00,#001a00,#001a00,#001a00,#001a00,#001a00,#001a00,#001a00,#001a00,#001a00,#001a00,#001a00,#001a00,#001a00,#001a00,#001a00,#001a00,#001a00,#001a00,#001a00,#001a00,#001a00,#001a00,#001a00,#001a00,#001a00,#001a00,#001a00,#001a00,#001a00,#001a00,#001a00,#001a00,#001a00,#001a00,#001a00,#001a00,#001a00,#001a00,#001a00,#001a00,#001a00,#001a00,#001a00,#001a00,#001a00,#001a00,#001a00,,,,,,#443300,#443300,,,,,,#001a00,#001a00,#001a00,#1a0000,#1a0000,#002233,#002233,#443300,#443300,#443300,#443300,#443300,#443300,#443300,#443300,#443300,#443300,#443300,#443300,#443300,#443300,#443300,#443300,#001a00,#443300,#443300,#001a00,#001a00,#001a00,#001a00,#001a00,#001a00,#001a00,#001a00,#001a00,#001a00,#001a00,#001a00,#001a00,#001a00,#001a00,#001a00,#001a00,#001a00,#001a00,#001a00,#001a00,#001a00,#001a00,#001a00,#001a00,#001a00,#001a00,#001a00,#001a00,#001a00,#001a00,#001a00,#001a00,#001a00,#001a00,#001a00,#001a00,#001a00,#001a00,#001a00,#001a00,#001a00,#001a00,#001a00,#001a00,#001a00,#001a00,#001a00,#001a00,#001a00,#001a00,#001a00,#001a00,#001a00,#001a00,#001a00,#001a00,#001a00,#001a00,#001a00,#001a00,#001a00,#001a00,#001a00,#001a00,#001a00,#001a00,#001a00,#001a00,#001a00,#001a00,#001a00,#001a00,#001a00,#001a00,#001a00,#001a00,#001a00,#001a00,#001a00,#001a00,#001a00,#001a00,#001a00,#001a00,#001a00,#001a00,#001a00,#001a00,#001a00,#001a00,#001a00,#001a00,#001a00,#001a00,#001a00,#001a00,#001a00,#001a00,#001a00,#001a00,#001a00,#001a00,#001a00,#001a00,#001a00
#001a00,#001a00,#001a00,#001a00,#001a00,#001a00,#001a00,#001a00,#001a00,#001a00,#001a00,#001a00,#443300,#443300,#443300,#001a00,#001a00,#001a00,#001a00,#001a00,#001a00,#001a00,#001a00,#001a00,#001a00,#001a00,#001a00,#001a00,#001a00,#001a00,#001a00,#001a00,#001a00,#001a00,#001a00,#001a00,#001a00,#001a00,#001a00,#001a00,#001a00,#001a00,#001a00,#001a00,#001a00,#001a00,#001a00,#001a00,#001a00,#001a00,#001a00,,#1a1a00,#1a1a00,#1a1a00,#1a1a00,,#001a00,#001a00,#001a00,#001a00,#001a00,#1a0000,#443300,#1a0000,#002233,#002233,#443300,#443300,#443300,#443300,#443300,#443300,#443300,#443300,#443300,#443300,#443300,#443300,#443300,#443300,#443300,#001a00,#001a00,#443300,#443300,#443300,#001a00,#001a00,#001a00,#001a00,#001a00,#001a00,#001a00,#001a00,#001a00,#001a00,#001a00,#001a00,#001a00,#001a00,#001a00,#001a00,#001a00,#001a00,#001a00,#001a00,#001a00,#001a00,#001a00,#001a00,#001a00,#001a00,#001a00,#001a00,#001a00,#001a00,#001a00,#001a00,#001a00,#001a00,#001a00,#001a00,#001a00,#001a00,#001a00,#001a00,#001a00,#001a00,#001a00,#001a00,#001a00,#001a00,#001a00,#001a00,#001a00,#001a00,#001a00,#001a00,#001a00,#001a00,#001a00,#001a00,#001a00,#001a00,#001a00,#001a00,#001a00,#001a00,#001a00,#001a00,#001a00,#001a00,#001a00,#001a00,#001a00,#001a00,#001a00,#001a00,#001a00,#001a00,#001a00,#001a00,#001a00,#001a00,#001a00,#001a00,#001a00,#001a00,#001a00,#001a00,#001a00,#001a00,#001a00,#001a00,#001a00,#001a00,#001a00,#001a00,#001a00,#001a00,#001a00,#001a00,#001a00,#001a00,#001a00,#001a00,#001a00,#001a00,#001a00,#001a00,#001a00
#001a00,#001a00,#001a00,#001a00,#001a00,#001a00,#001a00,#001a00,#001a00,#001a00,#001a00,#001a00,#443300,#443300,#443300,#001a00,#001a00,#001a00,#001a00,#001a00,#001a00,#001a00,#001a00,#001a00,#001a00,#001a00,#001a00,#001a00,#001a00,#001a00,#001a00,#001a00,#001a00,#001a00,#001a00,#001a00,#001a00,#001a00,#001a00,#001a00,#001a00,#001a00,#001a00,#001a00,#001a00,#001a00,#001a00,#001a00,#001a00,#001a00,#001a00,,,#1a1a00,#1a1a00,,,#001a00,#001a00,#001a00,#001a00,#001a00,#001a00,#1a0000,#443300,#002233,#002233,#443300,#443300,#443300,#443300,#443300,#443300,#443300,#443300,#443300,#443300,#443300,#443300,#443300,#443300,#1a0000,#1a0000,#001a00,#1a0000,#001a00,#001a00,#001a00,#001a00,#001a00,#001a00,#001a00,#001a00,#001a00,#001a00,#001a00,#001a00,#001a00,#001a00,#001a00,#001a00,#001a00,#001a00,#001a00,#001a00,#001a00,#001a00,#001a00,#001a00,#001a00,#001a00,#001a00,#001a00,#001a00,#001a00,#001a00,#001a00,#001a00,#001a00,#001a00,#001a00,#001a00,#001a00,#001a00,#001a00,#001a00,#001a00,#001a00,#001a00,#001a00,#001a00,#001a00,#001a00,#001a00,#001a00,#001a00,#001a00,#001a00,#001a00,#001a00,#001a00,#001a00,#001a00,#001a00,#001a00,#001a00,#001a00,#001a00,#001a00,#001a00,#001a00,#001a00,#001a00,#001a00,#001a00,#001a00,#001a00,#001a00,#001a00,#001a00,#001a00,#001a00,#001a00,#001a00,#001a00,#001a00,#001a00,#001a00,#001a00,#001a00,#001a00,#001a00,#001a00,#001a00,#001a00,#001a00,#001a00,#001a00,#001a00,#001a00,#001a00,#001a00,#001a00,#001a00,#001a00,#001a00,#001a00,#001a00,#001a00,#001a00,#001a00,#001a00
#001a00,#001a00,#001a00,#001a00,#001a00,#001a00,#001a00,#001a00,#001a00,#001a00,#001a00,#001a00,#443300,#443300,#443300,#001a00,#001a00,#001a00,#001a00,#001a00,#001a00,#001a00,#001a00,#001a00,#001a00,#001a00,#001a00,#001a00,#001a00,#001a00,#001a00,#001a00,#001a00,#001a00,#001a00,#001a00,#001a00,#001a00,#001a00,#001a00,#001a00,#001a00,#001a00,#001a00,#001a00,#001a00,#001a00,#001a00,#001a00,#001a00,#001a00,#001a00,,,,,#001a00,#001a00,#001a00,#001a00,#001a00,#001a00,#1a0000,#443300,#002233,#002233,#002233,#443300,#443300,#443300,#443300,#443300,#443300,#443300,#443300,#443300,#443300,#443300,#443300,#443300,#443300,#443300,#001a00,#1a0000,#443300,#1a0000,#001a00,#001a00,#001a00,#001a00,#001a00,#001a00,#001a00,#001a00,#001a00,#001a00,#001a00,#001a00,#001a00,#001a00,#001a00,#001a00,#001a00,#001a00,#001a00,#001a00,#001a00,#001a00,#001a00,#001a00,#001a00,#001a00,#001a00,#001a00,#001a00,#001a00,#001a00,#001a00,#001a00,#001a00,#001a00,#001a00,#001a00,#001a00,#001a00,#001a00,#001a00,#001a00,#001a00,#001a00,#001a00,#001a00,#001a00,#001a00,#001a00,#001a00,#001a00,#001a00,#001a00,#001a00,#001a00,#001a00,#001a00,#001a00,#001a00,#001a00,#001a00,#001a00,#001a00,#001a00,#001a00,#001a00,#001a00,#001a00,#001a00,#001a00,#001a00,#001a00,#001a00,#001a00,#001a00,#001a00,#001a00,#001a00,#001a00,#001a00,#001a00,#001a00,#001a00,#001a00,#001a00,#001a00,#001a00,#001a00,#001a00,#001a00,#001a00,#001a00,#001a00,#001a00,#001a00,#001a00,#001a00,#001a00,#001a00,#001a00,#001a00,#001a00,#001a00,#001a00,#001a00,#001a00
#001a00,#001a00,#001a00,#001a00,#001a00,#001a00,#001a00,#001a00,#001a00,#001a00,#001a00,#001a00,#001a00,#001a00,#001a00,#001a00,#001a00,#001a00,#001a00,#001a00,#001a00,#001a00,#001a00,#001a00,#001a00,#001a00,#001a00,#001a00,#001a00,#001a00,#001a00,#001a00,#001a00,#001a00,#001a00,#001a00,#001a00,#001a00,#001a00,#001a00,#001a00,#001a00,#001a00,#001a00,#001a00,#001a00,#001a00,#001a00,#001a00,#001a00,#001a00,#001a00,#001a00,#001a00,#001a00,#001a00,#001a00,#001a00,#001a00,#001a00,#001a00,#001a00,#1a0000,#002233,#002233,#002233,#1a0000,#1a0000,#443300,#443300,#443300,#443300,#443300,#443300,#443300,#443300,#443300,#443300,#443300,#443300,#443300,#1a0000,#001a00,#1a0000,#1a0000,#001a00,#001a00,#001a00,#001a00,#001a00,#001a00,#001a00,#001a00,#001a00,#001a00,#001a00,#001a00,#001a00,#001a00,#001a00,#001a00,#001a00,#001a00,#001a00,#001a00,#001a00,#001a00,#001a00,#001a00,#001a00,#001a00,#001a00,#001a00,#001a00,#001a00,#001a00,#001a00,#001a00,#001a00,#001a00,#001a00,#001a00,#001a00,#001a00,#001a00,#001a00,#001a00,#001a00,#001a00,#001a00,#001a00,#001a00,#001a00,#001a00,#001a00,#001a00,#001a00,#001a00,#001a00,#001a00,#001a00,#001a00,#001a00,#001a00,#001a00,#001a00,#001a00,#001a00,#001a00,#001a00,#001a00,#001a00,#001a00,#001a00,#001a00,#001a00,#001a00,#001a00,#001a00,#001a00,#001a00,#001a00,#001a00,#001a00,#001a00,#001a00,#001a00,#001a00,#001a00,#001a00,#001a00,#001a00,#001a00,#001a00,#001a00,#001a00,#001a00,#001a00,#001a00,#001a00,#001a00,#001a00,#001a00,#001a00,#001a00,#001a00,#001a00,#001a00,#001a00,#001a00,#001a00,#001a00
#001a00,#001a00,#001a00,#001a00,#001a00,#001a00,#001a00,#001a00,#001a00,#001a00,#001a00,#001a00,#001a00,#001a00,#001a00,#001a00,#001a00,#001a00,#001a00,#001a00,#001a00,#001a00,#001a00,#001a00,#001a00,#001a00,#001a00,#001a00,#001a00,#001a00,#001a00,#001a00,#001a00,#001a00,#001a00,#001a00,#001a00,#001a00,#001a00,#001a00,#001a00,#001a00,#001a00,#001a00,#001a00,#001a00,#001a00,#001a00,#001a00,#001a00,#001a00,#001a00,#001a00,#001a00,#001a00,#001a00,#001a00,#001a00,#001a00,#001a00,#001a00,#001a00,#1a0000,#002233,#002233,#002233,#443300,#443300,#443300,#443300,#443300,#443300,#443300,#443300,#443300,#443300,#443300,#443300,#443300,#443300,#443300,#443300,#443300,#1a0000,#001a00,#001a00,#001a00,#001a00,#001a00,#001a00,#001a00,#001a00,#001a00,#001a00,#001a00,#001a00,#001a00,#001a00,#001a00,#001a00,#001a00,#001a00,#001a00,#001a00,#001a00,#001a00,#001a00,#001a00,#001a00,#001a00,#001a00,#001a00,#001a00,#001a00,#001a00,#001a00,#001a00,#001a00,#001a00,#001a00,#001a00,#001a00,#001a00,#001a00,#001a00,#001a00,#001a00,#001a00,#001a00,#001a00,#001a00,#001a00,#001a00,#001a00,#001a00,#001a00,#001a00,#001a00,#001a00,#001a00,#001a00,#001a00,#001a00,#001a00,#001a00,#001a00,#001a00,#001a00,#001a00,#001a00,#001a00,#001a00,#001a00,#001a00,#001a00,#001a00,#001a00,#001a00,#001a00,#001a00,#001a00,#001a00,#001a00,#001a00,#001a00,#001a00,#001a00,#001a00,#001a00,#001a00,#001a00,#001a00,#001a00,#001a00,#001a00,#001a00,#001a00,#001a00,#001a00,#001a00,#001a00,#001a00,#001a00,#001a00,#001a00,#001a00,#001a00,#001a00,#001a00,#001a00,#001a00,#001a00
#001a00,#001a00,#001a00,#001a00,#001a00,#001a00,#001a00,#001a00,#001a00,#001a00,#001a00,#001a00,#001a00,#001a00,#001a00,#001a00,#001a00,#001a00,#001a00,#001a00,#001a00,#001a00,#001a00,#001a00,#001a00,#001a00,#001a00,#001a00,#001a00,#001a00,#001a00,#001a00,#001a00,#001a00,#001a00,#001a00,#001a00,#001a00,#001a00,#001a00,#001a00,#001a00,#001a00,#001a00,#001a00,#001a00,#001a00,#001a00,#001a00,#001a00,#001a00,#001a00,#001a00,#001a00,#001a00,#001a00,#001a00,#001a00,#001a00,#001a00,#001a00,#001a00,#443300,#002233,#002233,#1a0000,#443300,#1a0000,#443300,#443300,#443300,#443300,#443300,#443300,#443300,#443300,#443300,#443300,#443300,#443300,#443300,#443300,#443300,#1a0000,#001a00,#001a00,#001a00,#001a00,#001a00,#001a00,#001a00,#001a00,#001a00,#001a00,#001a00,#001a00,#001a00,#001a00,#001a00,#001a00,#001a00,#001a00,#001a00,#001a00,#001a00,#001a00,#001a00,#001a00,#001a00,#001a00,#001a00,#001a00,#001a00,#001a00,#001a00,#001a00,#001a00,#001a00,#001a00,#001a00,#001a00,#001a00,#001a00,#001a00,#001a00,#001a00,#001a00,#001a00,#001a00,#001a00,#001a00,#001a00,#001a00,#001a00,#001a00,#001a00,#001a00,#001a00,#001a00,#001a00,#001a00,#001a00,#001a00,#001a00,#001a00,#001a00,#001a00,#001a00,#001a00,#001a00,#001a00,#001a00,#001a00,#001a00,#001a00,#001a00,#001a00,#001a00,#001a00,#001a00,#001a00,#001a00,#001a00,#001a00,#001a00,#001a00,#001a00,#001a00,#001a00,#001a00,#001a00,#001a00,#001a00,#001a00,#001a00,#001a00,#001a00,#001a00,#001a00,#001a00,#001a00,#001a00,#001a00,#001a00,#001a00,#001a00,#001a00,#001a00,#001a00,#001a00,#001a00,#001a00
#001a00,#001a00,#001a00,#001a00,#001a00,#001a00,#001a00,#001a00,#001a00,#001a00,#001a00,#001a00,#001a00,#001a00,#001a00,#001a00,#001a00,#001a00,#001a00,#001a00,#001a00,#001a00,#001a00,#001a00,#001a00,#001a00,#001a00,#001a00,#001a00,#001a00,#001a00,#001a00,#001a00,#001a00,#001a00,#001a00,#001a00,#001a00,#001a00,#001a00,#001a00,#001a00,#001a00,#001a00,#001a00,#001a00,#001a00,#001a00,#001a00,#001a00,#001a00,#001a00,#001a00,#001a00,#001a00,#001a00,#001a00,#001a00,#001a00,#001a00,#001a00,#001a00,#443300,#002233,#002233,#1a0000,#443300,#443300,#443300,#443300,#443300,#443300,#443300,#443300,#443300,#443300,#443300,#443300,#443300,#443300,#443300,#443300,#001a00,#001a00,#001a00,#001a00,#001a00,#001a00,#001a00,#001a00,#001a00,#001a00,#001a00,#001a00,#001a00,#001a00,#001a00,#001a00,#001a00,#001a00,#001a00,#001a00,#001a00,#001a00,#001a00,#001a00,#001a00,#001a00,#001a00,#001a00,#001a00,#001a00,#001a00,#001a00,#001a00,#001a00,#001a00,#001a00,#001a00,#001a00,#001a00,#001a00,#001a00,#001a00,#001a00,#001a00,#001a00,#001a00,#001a00,#001a00,#001a00,#001a00,#001a00,#001a00,#001a00,#001a00,#001a00,#001a00,#001a00,#001a00,#001a00,#001a00,#001a00,#001a00,#001a00,#001a00,#001a00,#001a00,#001a00,#001a00,#001a00,#001a00,#001a00,#001a00,#001a00,#001a00,#001a00,#001a00,#001a00,#001a00,#001a00,#001a00,#001a00,#001a00,#001a00,#001a00,#001a00,#001a00,#001a00,#001a00,#001a00,#001a00,#001a00,#001a00,#001a00,#001a00,#001a00,#001a00,#001a00,#001a00,#001a00,#001a00,#001a00,#001a00,#001a00,#001a00,#001a00,#001a00,#001a00,#001a00,#001a00,#001a00
#001a00,#001a00,#001a00,#001a00,#001a00,#001a00,#001a00,#001a00,#001a00,#001a00,#001a00,#001a00,#001a00,#001a00,#001a00,#001a00,#001a00,#001a00,#001a00,#001a00,#001a00,#001a00,#001a00,#001a00,#001a00,#001a00,#001a00,#001a00,#001a00,#001a00,#001a00,#001a00,#001a00,#001a00,#001a00,#001a00,#001a00,#001a00,#001a00,#001a00,#001a00,#001a00,#001a00,#001a00,#001a00,#001a00,#001a00,#001a00,#001a00,#001a00,#001a00,#001a00,#001a00,#001a00,#001a00,#001a00,#001a00,#001a00,#001a00,#001a00,#001a00,#001a00,#443300,#002233,#002233,#1a0000,#443300,#443300,#443300,#443300,#443300,#443300,#443300,#443300,#443300,#443300,#443300,#443300,#443300,#443300,#443300,#1a0d00,#001a00,#001a00,#001a00,#001a00,#001a00,#001a00,#001a00,#001a00,#001a00,#001a00,#001a00,#001a00,#001a00,#001a00,#001a00,#001a00,#001a00,#001a00,#001a00,#001a00,#001a00,#001a00,#001a00,#001a00,#001a00,#001a00,#001a00,#001a00,#001a00,#001a00,#001a00,#001a00,#001a00,#001a00,#001a00,#001a00,#001a00,#001a00,#001a00,#001a00,#001a00,#001a00,#001a00,#001a00,#001a00,#001a00,#001a00,#001a00,#001a00,#001a00,#001a00,#001a00,#001a00,#001a00,#001a00,#001a00,#001a00,#001a00,#001a00,#001a00,#001a00,#001a00,#001a00,#001a00,#001a00,#001a00,#001a00,#001a00,#001a00,#001a00,#001a00,#001a00,#001a00,#001a00,#001a00,#001a00,#001a00,#001a00,#001a00,#001a00,#001a00,#001a00,#001a00,#001a00,#001a00,#001a00,#001a00,#001a00,#001a00,#001a00,#001a00,#001a00,#001a00,#001a00,#001a00,#001a00,#001a00,#001a00,#001a00,#001a00,#001a00,#001a00,#001a00,#001a00,#001a00,#001a00,#001a00,#001a00,#001a00,#001a00
#001a00,#001a00,#001a00,#001a00,#001a00,#001a00,#001a00,#001a00,#001a00,#001a00,#001a00,#001a00,#001a00,#001a00,#001a00,#001a00,#001a00,#001a00,#001a00,#001a00,#001a00,#001a00,#001a00,#001a00,#001a00,#001a00,#001a00,#001a00,#001a00,#001a00,#001a00,#001a00,#001a00,#001a00,#001a00,#001a00,#001a00,#001a00,#001a00,#001a00,#001a00,#001a00,#001a00,#001a00,#001a00,#001a00,#001a00,#001a00,#001a00,#001a00,#001a00,#001a00,#001a00,#001a00,#001a00,#001a00,#001a00,#001a00,#001a00,#001a00,#001a00,#001a00,#1a0000,#002233,#002233,#443300,#443300,#443300,#443300,#443300,#443300,#443300,#443300,#443300,#443300,#1a0000,#443300,#001a00,#443300,#443300,#443300,#001a00,#001a00,#001a00,#001a00,#001a00,#001a00,#001a00,#001a00,#001a00,#001a00,#001a00,#001a00,#001a00,#001a00,#001a00,#001a00,#001a00,#001a00,#001a00,#001a00,#001a00,#001a00,#001a00,#001a00,#001a00,#001a00,#001a00,#001a00,#001a00,#001a00,#001a00,#001a00,#001a00,#001a00,#001a00,#001a00,#001a00,#001a00,#001a00,#001a00,#001a00,#001a00,#001a00,#001a00,#001a00,#001a00,#001a00,#001a00,#001a00,#001a00,#001a00,#001a00,#001a00,#001a00,#001a00,#001a00,#001a00,#001a00,#001a00,#001a00,#001a00,#001a00,#001a00,#001a00,#001a00,#001a00,#001a00,#001a00,#001a00,#001a00,#001a00,#001a00,#001a00,#001a00,#001a00,#001a00,#001a00,#001a00,#001a00,#001a00,#001a00,#001a00,#001a00,#001a00,#001a00,#001a00,#001a00,#001a00,#001a00,#001a00,#001a00,#001a00,#001a00,#001a00,#001a00,#001a00,#001a00,#001a00,#001a00,#001a00,#001a00,#001a00,#001a00,#001a00,#001a00,#001a00,#001a00,#001a00,#001a00,#001a00,#001a00
#001a00,#001a00,#001a00,#001a00,#001a00,#001a00,#001a00,#001a00,#001a00,#001a00,#001a00,#001a00,#001a00,#001a00,#001a00,#001a00,#001a00,#001a00,#001a00,#001a00,#001a00,#001a00,#001a00,#001a00,#001a00,#001a00,#001a00,#001a00,#001a00,#001a00,#001a00,#001a00,#001a00,#001a00,#001a00,#001a00,#001a00,#001a00,#001a00,#001a00,#001a00,#001a00,#001a00,#001a00,#001a00,#001a00,#001a00,#001a00,#001a00,#001a00,#001a00,#001a00,#001a00,#001a00,#001a00,#001a00,#001a00,#001a00,#001a00,#001a00,#001a00,#001a00,#443300,#002233,#002233,#1a0000,#1a0000,#1a0000,#1a0000,#1a0000,#443300,#1a0000,#1a0000,#1a0000,#443300,#001a00,#443300,#1a0000,#443300,#001a00,#001a00,#001a00,#001a00,#001a00,#001a00,#001a00,#001a00,#001a00,#001a00,#001a00,#001a00,#001a00,#001a00,#001a00,#001a00,#001a00,#001a00,#001a00,#001a00,#001a00,#001a00,#001a00,#001a00,#001a00,#001a00,#001a00,#001a00,#001a00,#001a00,#001a00,#001a00,#001a00,#001a00,#001a00,#001a00,#001a00,#001a00,#001a00,#001a00,#001a00,#001a00,#001a00,#001a00,#001a00,#001a00,#001a00,#001a00,#001a00,#001a00,#001a00,#001a00,#001a00,#001a00,#001a00,#001a00,#001a00,#001a00,#001a00,#001a00,#001a00,#001a00,#001a00,#001a00,#001a00,#001a00,#001a00,#001a00,#001a00,#001a00,#001a00,#001a00,#001a00,#001a00,#001a00,#001a00,#001a00,#001a00,#001a00,#001a00,#001a00,#001a00,#001a00,#001a00,#001a00,#001a00,#001a00,#001a00,#001a00,#001a00,#001a00,#001a00,#001a00,#001a00,#001a00,#001a00,#001a00,#001a00,#001a00,#001a00,#001a00,#001a00,#001a00,#001a00,#001a00,#001a00,#001a00,#001a00,#001a00,#001a00,#001a00,#001a00,#001a00
#001a00,#001a00,#001a00,#001a00,#001a00,#001a00,#001a00,#001a00,#001a00,#001a00,#001a00,#001a00,#001a00,#001a00,#001a00,#001a00,#001a00,#001a00,#001a00,#001a00,#001a00,#001a00,#001a00,#001a00,#001a00,#001a00,#001a00,#001a00,#001a00,#001a00,#001a00,#001a00,#001a00,#001a00,#001a00,#001a00,#001a00,#001a00,#001a00,#001a00,#001a00,#001a00,#001a00,#001a00,#001a00,#001a00,#001a00,#001a00,#001a00,#001a00,#001a00,#001a00,#001a00,#001a00,#001a00,#001a00,#001a00,#001a00,#001a00,#001a00,#001a00,#001a00,#443300,#002233,#002233,#001a00,#1a0000,#443300,#443300,#001a00,#443300,#1a0000,#1a0000,#443300,#1a0000,#001a00,#1a0000,#443300,#1a0000,#001a00,#001a00,#001a00,#001a00,#001a00,#001a00,#001a00,#001a00,#001a00,#001a00,#001a00,#001a00,#001a00,#001a00,#001a00,#001a00,#001a00,#001a00,#001a00,#001a00,#001a00,#001a00,#001a00,#001a00,#001a00,#001a00,#001a00,#001a00,#001a00,#001a00,#001a00,#001a00,#001a00,#001a00,#001a00,#001a00,#001a00,#001a00,#001a00,#001a00,#001a00,#001a00,#001a00,#001a00,#001a00,#001a00,#001a00,#001a00,#001a00,#001a00,#001a00,#001a00,#001a00,#001a00,#001a00,#001a00,#001a00,#001a00,#001a00,#001a00,#001a00,#001a00,#001a00,#001a00,#001a00,#001a00,#001a00,#001a00,#001a00,#001a00,#001a00,#001a00,#001a00,#001a00,#001a00,#001a00,#001a00,#001a00,#001a00,#001a00,#001a00,#001a00,#001a00,#001a00,#001a00,#001a00,#001a00,#001a00,#001a00,#001a00,#001a00,#001a00,#001a00,#001a00,#001a00,#001a00,#001a00,#001a00,#001a00,#001a00,#001a00,#001a00,#001a00,#001a00,#001a00,#001a00,#001a00,#001a00,#001a00,#001a00,#001a00,#001a00,#001a00
#001a00,#001a00,#001a00,#001a00,#001a00,#001a00,#001a00,#001a00,#001a00,#001a00,#001a00,#001a00,#001a00,#001a00,#001a00,#001a00,#001a00,#001a00,#001a00,#001a00,#001a00,#001a00,#001a00,#001a00,#001a00,#001a00,#001a00,#001a00,#001a00,#001a00,#001a00,#001a00,#001a00,#001a00,#001a00,#001a00,#001a00,#001a00,#001a00,#001a00,#001a00,#001a00,#001a00,#001a00,#001a00,#001a00,#001a00,#001a00,#001a00,#001a00,#001a00,#001a00,#001a00,#001a00,#001a00,#001a00,#001a00,#001a00,#001a00,#001a00,#001a00,#001a00,#1a0000,#002233,#002233,#002233,#002233,#443300,#443300,#443300,#001a00,#001a00,#443300,#1a0000,#001a00,#443300,#001a00,#001a00,#001a00,#001a00,#001a00,#001a00,#001a00,#001a00,#001a00,#001a00,#001a00,#001a00,#001a00,#001a00,#001a00,#001a00,#001a00,#001a00,#001a00,#001a00,#001a00,#001a00,#001a00,#001a00,#001a00,#001a00,#001a00,#001a00,#001a00,#001a00,#001a00,#001a00,#001a00,#001a00,#001a00,#001a00,#001a00,#001a00,#001a00,#001a00,#001a00,#001a00,#001a00,#001a00,#001a00,#001a00,#001a00,#001a00,#001a00,#001a00,#001a00,#001a00,#001a00,#001a00,#001a00,#001a00,#001a00,#001a00,#001a00,#001a00,#001a00,#001a00,#001a00,#001a00,#001a00,#001a00,#001a00,#001a00,#001a00,#001a00,#001a00,#001a00,#001a00,#001a00,#001a00,#001a00,#001a00,#001a00,#001a00,#001a00,#001a00,#001a00,#001a00,#001a00,#001a00,#001a00,#001a00,#001a00,#001a00,#001a00,#001a00,#001a00,#001a00,#001a00,#001a00,#001a00,#001a00,#001a00,#001a00,#001a00,#001a00,#001a00,#001a00,#001a00,#001a00,#001a00,#001a00,#001a00,#001a00,#001a00,#001a00,#001a00,#001a00,#001a00,#001a00,#001a00
#001a00,#001a00,#001a00,#001a00,#001a00,#001a00,#001a00,#001a00,#001a00,#001a00,#001a00,#001a00,#001a00,#001a00,#001a00,#001a00,#001a00,#001a00,#001a00,#001a00,#001a00,#001a00,#001a00,#001a00,#001a00,#001a00,#001a00,#001a00,#001a00,#001a00,#001a00,#001a00,#001a00,#001a00,#001a00,#001a00,#001a00,#001a00,#001a00,#001a00,#001a00,#001a00,#001a00,#001a00,#001a00,#001a00,#001a00,#001a00,#001a00,#001a00,#001a00,#001a00,#001a00,#001a00,#001a00,#001a00,#001a00,#001a00,#001a00,#001a00,#001a00,#001a00,#001a00,#443300,#002233,#002233,#002233,#002233,#002233,#002233,#1a0000,#1a0000,#001a00,#443300,#001a00,#443300,#001a00,#001a00,#001a00,#001a00,#001a00,#001a00,#001a00,#001a00,#001a00,#001a00,#001a00,#001a00,#001a00,#001a00,#001a00,#001a00,#001a00,#001a00,#001a00,#001a00,#001a00,#001a00,#001a00,#001a00,#001a00,#001a00,#001a00,#001a00,#001a00,#001a00,#001a00,#001a00,#001a00,#001a00,#001a00,#001a00,#001a00,#001a00,#001a00,#001a00,#001a00,#001a00,#001a00,#001a00,#001a00,#001a00,#001a00,#001a00,#001a00,#001a00,#001a00,#001a00,#001a00,#001a00,#001a00,#001a00,#001a00,#001a00,#001a00,#001a00,#001a00,#001a00,#001a00,#001a00,#001a00,#001a00,#001a00,#001a00,#001a00,#001a00,#001a00,#001a00,#001a00,#001a00,#001a00,#001a00,#001a00,#001a00,#001a00,#001a00,#001a00,#001a00,#001a00,#001a00,#001a00,#001a00,#001a00,#001a00,#001a00,#001a00,#001a00,#001a00,#001a00,#001a00,#001a00,#001a00,#001a00,#001a00,#001a00,#001a00,#001a00,#001a00,#001a00,#001a00,#001a00,#001a00,#001a00,#001a00,#001a00,#001a00,#001a00,#001a00,#001a00,#001a00,#001a00,#001a00
#001a00,#001a00,#001a00,#001a00,#001a00,#001a00,#001a00,#001a00,#001a00,#001a00,#001a00,#001a00,#001a00,#001a00,#001a00,#001a00,#001a00,#001a00,#001a00,#001a00,#001a00,#001a00,#001a00,#001a00,#001a00,#001a00,#001a00,#001a00,#001a00,#001a00,#001a00,#001a00,#001a00,#001a00,#001a00,#001a00,#001a00,#001a00,#001a00,#001a00,#001a00,#001a00,#001a00,#001a00,#001a00,#001a00,#001a00,#001a00,#001a00,#001a00,#001a00,#001a00,#001a00,#001a00,#001a00,#001a00,#001a00,#001a00,#001a00,#001a00,#001a00,#001a00,#001a00,#001a00,#001a00,#002233,#002233,#002233,#002233,#002233,#002233,#002233,#002233,#002233,#002233,#002233,#002233,#002233,#002233,#002233,#002233,#002233,#002233,#001a00,#001a00,#001a00,#001a00,#001a00,#001a00,#001a00,#001a00,#001a00,#001a00,#001a00,#001a00,#001a00,#001a00,#001a00,#001a00,#001a00,#001a00,#001a00,#001a00,#001a00,#001a00,#001a00,#001a00,#001a00,#001a00,#001a00,#001a00,#001a00,#001a00,#001a00,#001a00,#001a00,#001a00,#001a00,#001a00,#001a00,#001a00,#001a00,#001a00,#001a00,#001a00,#001a00,#001a00,#001a00,#001a00,#001a00,#001a00,#001a00,#001a00,#001a00,#001a00,#001a00,#001a00,#001a00,#001a00,#001a00,#001a00,#001a00,#001a00,#001a00,#001a00,#001a00,#001a00,#001a00,#001a00,#001a00,#001a00,#001a00,#001a00,#001a00,#001a00,#001a00,#001a00,#001a00,#001a00,#001a00,#001a00,#001a00,#001a00,#001a00,#001a00,#001a00,#001a00,#001a00,#001a00,#001a00,#001a00,#001a00,#001a00,#001a00,#001a00,#001a00,#001a00,#001a00,#001a00,#001a00,#001a00,#001a00,#001a00,#001a00,#001a00,#001a00,#001a00,#001a00,#001a00,#001a00,#001a00,#001a00
#001a00,#001a00,#001a00,#001a00,#001a00,#001a00,#001a00,#001a00,#001a00,#001a00,#001a00,#001a00,#001a00,#001a00,#001a00,#001a00,#001a00,#001a00,#001a00,#001a00,#001a00,#001a00,#001a00,#001a00,#001a00,#001a00,#001a00,#001a00,#001a00,#001a00,#001a00,#001a00,#001a00,#001a00,#001a00,#001a00,#001a00,#001a00,#001a00,#001a00,#001a00,#001a00,#001a00,#001a00,#001a00,#001a00,#001a00,#001a00,#001a00,#001a00,#001a00,#001a00,#001a00,#001a00,#001a00,#001a00,#001a00,#001a00,#001a00,#001a00,#001a00,#001a00,#001a00,#001a00,#001a00,#001a00,#001a00,#001a00,#002233,#002233,#002233,#002233,#002233,#002233,#002233,#002233,#002233,#002233,#002233,#002233,#002233,#002233,#002233,#002233,#002233,#002233,#001a00,#001a00,#001a00,#001a00,#001a00,#001a00,#001a00,#001a00,#001a00,#001a00,#001a00,#001a00,#001a00,#001a00,#001a00,#001a00,#001a00,#001a00,#001a00,#001a00,#001a00,#001a00,#001a00,#001a00,#001a00,#001a00,#001a00,#001a00,#001a00,#001a00,#001a00,#001a00,#001a00,#001a00,#001a00,#001a00,#001a00,#001a00,#001a00,#001a00,#001a00,#001a00,#001a00,#001a00,#001a00,#001a00,#001a00,#001a00,#001a00,#001a00,#001a00,#001a00,#001a00,#001a00,#001a00,#001a00,#001a00,#001a00,#001a00,#001a00,#001a00,#001a00,#001a00,#001a00,#001a00,#001a00,#001a00,#001a00,#001a00,#001a00,#001a00,#001a00,#001a00,#001a00,#001a00,#001a00,#001a00,#001a00,#001a00,#001a00,#001a00,#001a00,#001a00,#001a00,#001a00,#001a00,#001a00,#001a00,#001a00,#001a00,#001a00,#001a00,#001a00,#001a00,#001a00,#001a00,#001a00,#001a00,#001a00,#001a00,#001a00,#001a00,#001a00,#001a00,#001a00,#001a00
#001a00,#001a00,#001a00,#001a00,#001a00,#001a00,#001a00,#001a00,#001a00,#001a00,#001a00,#001a00,#001a00,#001a00,#001a00,#001a00,#001a00,#001a00,#001a00,#001a00,#001a00,#001a00,#001a00,#001a00,#001a00,#001a00,#001a00,#001a00,#001a00,#001a00,#001a00,#001a00,#001a00,#001a00,#001a00,#001a00,#001a00,#001a00,#001a00,#001a00,#001a00,#001a00,#001a00,#001a00,#001a00,#001a00,#001a00,#001a00,#001a00,#001a00,#001a00,#001a00,#001a00,#001a00,#001a00,#001a00,#001a00,#001a00,#001a00,#001a00,#001a00,#001a00,#001a00,#001a00,#001a00,#001a00,#001a00,#001a00,#001a00,#001a00,#001a00,#001a00,#001a00,#001a00,#001a00,#001a00,#001a00,#001a00,#001a00,#001a00,#001a00,#002233,#002233,#002233,#002233,#002233,#002233,#002233,#001a00,#001a00,#001a00,#001a00,#001a00,#001a00,#001a00,#001a00,#001a00,#001a00,#001a00,#001a00,#001a00,#001a00,#001a00,#001a00,#001a00,#001a00,#001a00,#001a00,#001a00,#001a00,#001a00,#001a00,#001a00,#001a00,#001a00,#001a00,#001a00,#001a00,#001a00,#001a00,#001a00,#001a00,#001a00,#001a00,#001a00,#001a00,#001a00,#001a00,#001a00,#001a00,#001a00,#001a00,#001a00,#001a00,#001a00,#001a00,#001a00,#001a00,#001a00,#001a00,#001a00,#001a00,#001a00,#001a00,#001a00,#001a00,#001a00,#001a00,#001a00,#001a00,#001a00,#001a00,#001a00,#001a00,#001a00,#001a00,#001a00,#001a00,#001a00,#001a00,#001a00,#001a00,#001a00,#001a00,#001a00,#001a00,#001a00,#001a00,#001a00,#001a00,#001a00,#001a00,#001a00,#001a00,#001a00,#001a00,#001a00,#001a00,#001a00,#001a00,#001a00,#001a00,#001a00,#001a00,#001a00,#001a00,#001a00,#001a00,#001a00,#001a00,#001a00,#001a00
#001a00,#001a00,#001a00,#001a00,#001a00,#001a00,#001a00,#001a00,#001a00,#001a00,#001a00,#001a00,#001a00,#001a00,#001a00,#001a00,#001a00,#001a00,#001a00,#001a00,#001a00,#001a00,#001a00,#001a00,#001a00,#001a00,#001a00,#001a00,#001a00,#001a00,#001a00,#001a00,#001a00,#001a00,#001a00,#001a00,#001a00,#001a00,#001a00,#001a00,#001a00,#001a00,#001a00,#001a00,#001a00,#001a00,#001a00,#001a00,#001a00,#001a00,#001a00,#001a00,#001a00,#001a00,#001a00,#001a00,#001a00,#001a00,#001a00,#001a00,#001a00,#001a00,#001a00,#001a00,#001a00,#001a00,#001a00,#001a00,#001a00,#001a00,#001a00,#001a00,#001a00,#001a00,#001a00,#001a00,#001a00,#001a00,#001a00,#001a00,#001a00,#001a00,#001a00,#001a00,#002233,#002233,#002233,#002233,#002233,#001a00,#001a00,#001a00,#001a00,#001a00,#001a00,#001a00,#001a00,#001a00,#001a00,#001a00,#001a00,#001a00,#001a00,#001a00,#001a00,#001a00,#001a00,#001a00,#001a00,#001a00,#001a00,#001a00,#001a00,#001a00,#001a00,#001a00,#001a00,#001a00,#001a00,#001a00,#001a00,#001a00,#001a00,#001a00,#001a00,#001a00,#001a00,#001a00,#001a00,#001a00,#001a00,#001a00,#001a00,#001a00,#001a00,#001a00,#001a00,#001a00,#001a00,#001a00,#001a00,#001a00,#001a00,#001a00,#001a00,#001a00,#001a00,#001a00,#001a00,#001a00,#001a00,#001a00,#001a00,#001a00,#001a00,#001a00,#001a00,#001a00,#001a00,#001a00,#001a00,#001a00,#001a00,#001a00,#001a00,#001a00,#001a00,#001a00,#001a00,#001a00,#001a00,#001a00,#001a00,#001a00,#001a00,#001a00,#001a00,#001a00,#001a00,#001a00,#001a00,#001a00,#001a00,#001a00,#001a00,#001a00,#001a00,#001a00,#001a00,#001a00,#001a00,#001a00
#001a00,#001a00,#001a00,#001a00,#001a00,#001a00,#001a00,#001a00,#001a00,#001a00,#001a00,#001a00,#001a00,#001a00,#001a00,#001a00,#001a00,#001a00,#001a00,#001a00,#001a00,#001a00,#001a00,#001a00,#001a00,#001a00,#001a00,#001a00,#001a00,#001a00,#001a00,#001a00,#001a00,#001a00,#001a00,#001a00,#001a00,#001a00,#001a00,#001a00,#001a00,#001a00,#001a00,#001a00,#001a00,#001a00,#001a00,#001a00,#001a00,#001a00,#001a00,#001a00,#001a00,#001a00,#001a00,#001a00,#001a00,#001a00,#001a00,#001a00,#001a00,#001a00,#001a00,#001a00,#001a00,#001a00,#001a00,#001a00,#001a00,#001a00,#001a00,#001a00,#001a00,#001a00,#001a00,#001a00,#001a00,#001a00,#001a00,#001a00,#001a00,#001a00,#001a00,#001a00,#001a00,#001a00,#002233,#002233,#002233,#002233,#002233,#001a00,#001a00,#001a00,#001a00,#001a00,#001a00,#001a00,#001a00,#001a00,#001a00,#001a00,#001a00,#001a00,#001a00,#001a00,#001a00,#001a00,#001a00,#001a00,#001a00,#001a00,#001a00,#001a00,#001a00,#001a00,#001a00,#001a00,#001a00,#001a00,#001a00,#001a00,#001a00,#001a00,#001a00,#001a00,#001a00,#001a00,#001a00,#001a00,#001a00,#001a00,#001a00,#001a00,#001a00,#001a00,#001a00,#001a00,#001a00,#001a00,#001a00,#001a00,#001a00,#001a00,#001a00,#001a00,#001a00,#001a00,#001a00,#001a00,#001a00,#001a00,#001a00,#001a00,#001a00,#001a00,#001a00,#001a00,#001a00,#001a00,#001a00,#001a00,#001a00,#001a00,#001a00,#001a00,#001a00,#001a00,#001a00,#001a00,#001a00,#001a00,#001a00,#001a00,#001a00,#001a00,#001a00,#001a00,#001a00,#001a00,#001a00,#001a00,#001a00,#001a00,#001a00,#001a00,#001a00,#001a00,#001a00,#001a00,#001a00,#001a00
#001a00,#001a00,#001a00,#001a00,#001a00,#001a00,#001a00,#001a00,#001a00,#001a00,#001a00,#001a00,#001a00,#001a00,#001a00,#001a00,#001a00,#001a00,#001a00,#001a00,#001a00,#001a00,#001a00,#001a00,#001a00,#001a00,#001a00,#001a00,#001a00,#001a00,#001a00,#001a00,#001a00,#001a00,#001a00,#001a00,#001a00,#001a00,#001a00,#001a00,#001a00,#001a00,#001a00,#001a00,#001a00,#001a00,#001a00,#001a00,#001a00,#001a00,#001a00,#001a00,#001a00,#001a00,#001a00,#001a00,#001a00,#001a00,#001a00,#001a00,#001a00,#001a00,#001a00,#001a00,#001a00,#001a00,#001a00,#001a00,#001a00,#001a00,#001a00,#001a00,#001a00,#001a00,#001a00,#001a00,#001a00,#001a00,#001a00,#001a00,#001a00,#001a00,#001a00,#001a00,#001a00,#001a00,#001a00,#002233,#002233,#002233,#002233,#002233,#002233,#002233,#001a00,#001a00,#001a00,#001a00,#001a00,#001a00,#001a00,#001a00,#001a00,#001a00,#001a00,#001a00,#001a00,#001a00,#001a00,#001a00,#001a00,#001a00,#001a00,#001a00,#001a00,#001a00,#001a00,#001a00,#001a00,#001a00,#001a00,#001a00,#001a00,#001a00,#001a00,#001a00,#001a00,#001a00,#001a00,#001a00,#001a00,#001a00,#001a00,#001a00,#001a00,#001a00,#001a00,#001a00,#001a00,#001a00,#001a00,#001a00,#001a00,#001a00,#001a00,#001a00,#001a00,#001a00,#001a00,#001a00,#001a00,#001a00,#001a00,#001a00,#001a00,#001a00,#001a00,#001a00,#001a00,#001a00,#001a00,#001a00,#001a00,#001a00,#001a00,#001a00,#001a00,#001a00,#001a00,#001a00,#001a00,#001a00,#001a00,#001a00,#001a00,#001a00,#001a00,#001a00,#001a00,#001a00,#001a00,#001a00,#001a00,#001a00,#001a00,#001a00,#001a00,#001a00,#001a00,#001a00,#001a00,#001a00
#001a00,#001a00,#001a00,#001a00,#001a00,#001a00,#001a00,#001a00,#001a00,#001a00,#001a00,#001a00,#001a00,#001a00,#001a00,#001a00,#001a00,#001a00,#001a00,#001a00,#001a00,#001a00,#001a00,#001a00,#001a00,#001a00,#001a00,#001a00,#001a00,#001a00,#001a00,#001a00,#001a00,#001a00,#001a00,#001a00,#001a00,#001a00,#001a00,#001a00,#001a00,#001a00,#001a00,#001a00,#001a00,#001a00,#001a00,#001a00,#001a00,#001a00,#001a00,#001a00,#001a00,#001a00,#001a00,#001a00,#001a00,#001a00,#001a00,#001a00,#001a00,#001a00,#001a00,#001a00,#001a00,#001a00,#001a00,#001a00,#001a00,#001a00,#001a00,#001a00,#001a00,#001a00,#001a00,#001a00,#001a00,#001a00,#001a00,#001a00,#001a00,#001a00,#001a00,#001a00,#001a00,#001a00,#001a00,#001a00,#001a00,#002233,#002233,#002233,#002233,#002233,#002233,#002233,#002233,#001a00,#001a00,#001a00,#001a00,#001a00,#001a00,#001a00,#001a00,#001a00,#001a00,#001a00,#001a00,#001a00,#001a00,#001a00,#001a00,#001a00,#001a00,#001a00,#001a00,#001a00,#001a00,#001a00,#001a00,#001a00,#001a00,#001a00,#001a00,#001a00,#001a00,#001a00,#001a00,#001a00,#001a00,#001a00,#001a00,#001a00,#001a00,#001a00,#001a00,#001a00,#001a00,#001a00,#001a00,#001a00,#001a00,#001a00,#001a00,#001a00,#001a00,#001a00,#001a00,#001a00,#001a00,#001a00,#001a00,#001a00,#001a00,#001a00,#001a00,#001a00,#001a00,#001a00,#001a00,#001a00,#001a00,#001a00,#001a00,#001a00,#001a00,#001a00,#001a00,#001a00,#001a00,#001a00,#001a00,#001a00,#001a00,#001a00,#001a00,#001a00,#001a00,#001a00,#001a00,#001a00,#001a00,#001a00,#001a00,#001a00,#001a00,#001a00,#001a00,#001a00,#001a00,#001a00
#001a00,#001a00,#001a00,#001a00,#001a00,#001a00,#001a00,#001a00,#001a00,#001a00,#001a00,#001a00,#001a00,#001a00,#001a00,#001a00,#001a00,#001a00,#001a00,#001a00,#001a00,#001a00,#001a00,#001a00,#001a00,#001a00,#001a00,#001a00,#001a00,#001a00,#001a00,#001a00,#001a00,#001a00,#001a00,#001a00,#001a00,#001a00,#001a00,#001a00,#001a00,#001a00,#001a00,#001a00,#001a00,#001a00,#001a00,#001a00,#001a00,#001a00,#001a00,#001a00,#001a00,#001a00,#001a00,#001a00,#001a00,#001a00,#001a00,#001a00,#001a00,#001a00,#001a00,#001a00,#001a00,#001a00,#001a00,#001a00,#001a00,#001a00,#001a00,#001a00,#001a00,#001a00,#001a00,#001a00,#001a00,#001a00,#001a00,#001a00,#001a00,#001a00,#001a00,#001a00,#001a00,#001a00,#001a00,#001a00,#001a00,#001a00,#001a00,#001a00,#002233,#002233,#002233,#002233,#002233,#002233,#002233,#001a00,#001a00,#001a00,#001a00,#001a00,#001a00,#001a00,#001a00,#001a00,#001a00,#001a00,#001a00,#001a00,#001a00,#001a00,#001a00,#001a00,#001a00,#001a00,#001a00,#001a00,#001a00,#001a00,#001a00,#001a00,#001a00,#001a00,#001a00,#001a00,#001a00,#001a00,#001a00,#001a00,#001a00,#001a00,#001a00,#001a00,#001a00,#001a00,#001a00,#001a00,#001a00,#001a00,#001a00,#001a00,#001a00,#001a00,#001a00,#001a00,#001a00,#001a00,#001a00,#001a00,#001a00,#001a00,#001a00,#001a00,#001a00,#001a00,#001a00,#001a00,#001a00,#001a00,#001a00,#001a00,#001a00,#001a00,#001a00,#001a00,#001a00,#001a00,#001a00,#001a00,#001a00,#001a00,#001a00,#001a00,#001a00,#001a00,#001a00,#001a00,#001a00,#001a00,#001a00,#001a00,#001a00,#001a00,#001a00,#001a00,#001a00,#001a00,#001a00,#001a00
#001a00,#001a00,#001a00,#001a00,#001a00,#001a00,#001a00,#001a00,#001a00,#001a00,#001a00,#001a00,#001a00,#001a00,#001a00,#001a00,#001a00,#001a00,#001a00,#001a00,#001a00,#001a00,#001a00,#001a00,#001a00,#001a00,#001a00,#001a00,#001a00,#001a00,#001a00,#001a00,#001a00,#001a00,#001a00,#001a00,#001a00,#001a00,#001a00,#001a00,#001a00,#001a00,#001a00,#001a00,#001a00,#001a00,#001a00,#001a00,#001a00,#001a00,#001a00,#001a00,#001a00,#001a00,#001a00,#001a00,#001a00,#001a00,#001a00,#001a00,#001a00,#001a00,#001a00,#001a00,#001a00,#001a00,#001a00,#001a00,#001a00,#001a00,#001a00,#001a00,#001a00,#001a00,#001a00,#001a00,#001a00,#001a00,#001a00,#001a00,#001a00,#001a00,#001a00,#001a00,#001a00,#001a00,#001a00,#001a00,#001a00,#001a00,#001a00,#001a00,#001a00,#001a00,#001a00,#002233,#002233,#002233,#002233,#002233,#002233,#002233,#002233,#002233,#002233,#001a00,#001a00,#001a00,#001a00,#001a00,#001a00,#001a00,#001a00,#001a00,#001a00,#001a00,#001a00,#001a00,#001a00,#001a00,#001a00,#001a00,#001a00,#001a00,#001a00,#001a00,#001a00,#001a00,#001a00,#001a00,#001a00,#001a00,#001a00,#001a00,#001a00,#001a00,#001a00,#001a00,#001a00,#001a00,#001a00,#001a00,#001a00,#001a00,#001a00,#001a00,#001a00,#001a00,#001a00,#001a00,#001a00,#001a00,#001a00,#001a00,#001a00,#001a00,#001a00,#001a00,#001a00,#001a00,#001a00,#001a00,#001a00,#001a00,#001a00,#001a00,#001a00,#001a00,#001a00,#001a00,#001a00,#001a00,#001a00,#001a00,#001a00,#001a00,#001a00,#001a00,#001a00,#001a00,#001a00,#001a00,#001a00,#001a00,#001a00,#001a00,#001a00,#001a00,#001a00,#001a00,#001a00,#001a00
#001a00,#001a00,#001a00,#001a00,#001a00,#001a00,#001a00,#001a00,#001a00,#001a00,#001a00,#001a00,#001a00,#001a00,#001a00,#001a00,#001a00,#001a00,#001a00,#001a00,#001a00,#001a00,#001a00,#001a00,#001a00,#001a00,#001a00,#001a00,#001a00,#001a00,#001a00,#001a00,#001a00,#001a00,#001a00,#001a00,#001a00,#001a00,#001a00,#001a00,#001a00,#001a00,#001a00,#001a00,#001a00,#001a00,#001a00,#001a00,#001a00,#001a00,#001a00,#001a00,#001a00,#001a00,#001a00,#001a00,#001a00,#001a00,#001a00,#001a00,#001a00,#001a00,#001a00,#001a00,#001a00,#001a00,#001a00,#001a00,#001a00,#001a00,#001a00,#001a00,#001a00,#001a00,#001a00,#001a00,#001a00,#001a00,#001a00,#001a00,#001a00,#001a00,#001a00,#001a00,#001a00,#001a00,#001a00,#001a00,#001a00,#001a00,#001a00,#001a00,#001a00,#001a00,#001a00,#001a00,#001a00,#001a00,#002233,#002233,#002233,#002233,#002233,#002233,#002233,#001a00,#001a00,#001a00,#001a00,#001a00,#001a00,#001a00,#001a00,#001a00,#001a00,#001a00,#001a00,#001a00,#001a00,#001a00,#001a00,#001a00,#001a00,#001a00,#001a00,#001a00,#001a00,#001a00,#001a00,#001a00,#001a00,#001a00,#001a00,#001a00,#001a00,#001a00,#001a00,#001a00,#001a00,#001a00,#001a00,#001a00,#001a00,#001a00,#001a00,#001a00,#001a00,#001a00,#001a00,#001a00,#001a00,#001a00,#001a00,#001a00,#001a00,#001a00,#001a00,#001a00,#001a00,#001a00,#001a00,#001a00,#001a00,#001a00,#001a00,#001a00,#001a00,#001a00,#001a00,#001a00,#001a00,#001a00,#001a00,#001a00,#001a00,#001a00,#001a00,#001a00,#001a00,#001a00,#001a00,#001a00,#001a00,#001a00,#001a00,#001a00,#001a00,#001a00,#001a00,#001a00,#001a00,#001a00
#001a00,#001a00,#001a00,#001a00,#001a00,#001a00,#001a00,#001a00,#001a00,#001a00,#001a00,#001a00,#001a00,#001a00,#001a00,#001a00,#001a00,#001a00,#001a00,#001a00,#001a00,#001a00,#001a00,#001a00,#001a00,#001a00,#001a00,#001a00,#001a00,#001a00,#001a00,#001a00,#001a00,#001a00,#001a00,#001a00,#001a00,#001a00,#001a00,#001a00,#001a00,#001a00,#001a00,#001a00,#001a00,#001a00,#001a00,#001a00,#001a00,#001a00,#001a00,#001a00,#001a00,#001a00,#001a00,#001a00,#001a00,#001a00,#001a00,#001a00,#001a00,#001a00,#001a00,#001a00,#001a00,#001a00,#001a00,#001a00,#001a00,#001a00,#001a00,#001a00,#001a00,#001a00,#001a00,#001a00,#001a00,#001a00,#001a00,#001a00,#001a00,#001a00,#001a00,#001a00,#001a00,#001a00,#001a00,#001a00,#001a00,#001a00,#001a00,#001a00,#001a00,#001a00,#001a00,#001a00,#001a00,#001a00,#001a00,#001a00,#001a00,#001a00,#001a00,#001a00,#001a00,#001a00,#001a00,#001a00,#001a00,#001a00,#001a00,#001a00,#001a00,#001a00,#001a00,#001a00,#001a00,#001a00,#001a00,#001a00,#001a00,#001a00,#001a00,#001a00,#001a00,#001a00,#001a00,#001a00,#001a00,#001a00,#001a00,#001a00,#001a00,#001a00,#001a00,#001a00,#001a00,#001a00,#001a00,#001a00,#001a00,#001a00,#001a00,#001a00,#001a00,#001a00,#001a00,#001a00,#001a00,#001a00,#001a00,#001a00,#001a00,#001a00,#001a00,#001a00,#001a00,#001a00,#001a00,#001a00,#001a00,#001a00,#001a00,#001a00,#001a00,#001a00,#001a00,#001a00,#001a00,#001a00,#001a00,#001a00,#001a00,#001a00,#001a00,#001a00,#001a00,#001a00,#001a00,#001a00,#001a00,#001a00,#001a00,#001a00,#001a00,#001a00,#001a00,#001a00,#001a00,#001a00,#001a00,#001a00
#001a00,#001a00,#001a00,#001a00,#001a00,#001a00,#001a00,#001a00,#001a00,#001a00,#001a00,#001a00,#001a00,#001a00,#001a00,#001a00,#001a00,#001a00,#001a00,#001a00,#001a00,#001a00,#001a00,#001a00,#001a00,#001a00,#001a00,#001a00,#001a00,#001a00,#001a00,#001a00,#001a00,#001a00,#001a00,#001a00,#001a00,#001a00,#001a00,#001a00,#001a00,#001a00,#001a00,#001a00,#001a00,#001a00,#001a00,#001a00,#001a00,#001a00,#001a00,#001a00,#001a00,#001a00,#001a00,#001a00,#001a00,#001a00,#001a00,#001a00,#001a00,#001a00,#001a00,#001a00,#001a00,#001a00,#001a00,#001a00,#001a00,#001a00,#001a00,#001a00,#001a00,#001a00,#001a00,#001a00,#001a00,#001a00,#001a00,#001a00,#001a00,#001a00,#001a00,#001a00,#001a00,#001a00,#001a00,#001a00,#001a00,#001a00,#001a00,#001a00,#001a00,#001a00,#001a00,#001a00,#001a00,#001a00,#001a00,#001a00,#001a00,#001a00,#001a00,#001a00,#001a00,#001a00,#001a00,#001a00,#001a00,#001a00,#001a00,#001a00,#001a00,#001a00,#001a00,#001a00,#001a00,#001a00,#001a00,#001a00,#001a00,#001a00,#001a00,#001a00,#001a00,#001a00,#001a00,#001a00,#001a00,#001a00,#001a00,#001a00,#001a00,#001a00,#001a00,#001a00,#001a00,#001a00,#001a00,#001a00,#001a00,#001a00,#001a00,#001a00,#001a00,#001a00,#001a00,#001a00,#001a00,#001a00,#001a00,#001a00,#001a00,#001a00,#001a00,#001a00,#001a00,#001a00,#001a00,#001a00,#001a00,#001a00,#001a00,#001a00,#001a00,#001a00,#001a00,#001a00,#001a00,#001a00,#001a00,#001a00,#001a00,#001a00,#001a00,#001a00,#001a00,#001a00,#001a00,#001a00,#001a00,#001a00,#001a00,#001a00,#001a00,#001a00,#001a00,#001a00,#001a00,#001a00,#001a00,#001a00
#001a00,#001a00,#001a00,#001a00,#001a00,#001a00,#001a00,#001a00,#001a00,#001a00,#001a00,#001a00,#001a00,#001a00,#001a00,#001a00,#001a00,#001a00,#001a00,#001a00,#001a00,#001a00,#001a00,#001a00,#001a00,#001a00,#001a00,#001a00,#001a00,#001a00,#001a00,#001a00,#001a00,#001a00,#001a00,#001a00,#001a00,#001a00,#001a00,#001a00,#001a00,#001a00,#001a00,#001a00,#001a00,#001a00,#001a00,#001a00,#001a00,#001a00,#001a00,#001a00,#001a00,#001a00,#001a00,#001a00,#001a00,#001a00,#001a00,#001a00,#001a00,#001a00,#001a00,#001a00,#001a00,#001a00,#001a00,#001a00,#001a00,#001a00,#001a00,#001a00,#001a00,#001a00,#001a00,#001a00,#001a00,#001a00,#001a00,#001a00,#001a00,#001a00,#001a00,#001a00,#001a00,#001a00,#001a00,#001a00,#001a00,#001a00,#001a00,#001a00,#001a00,#001a00,#001a00,#001a00,#001a00,#001a00,#001a00,#001a00,#001a00,#001a00,#001a00,#001a00,#001a00,#001a00,#001a00,#001a00,#001a00,#001a00,#001a00,#001a00,#001a00,#001a00,#001a00,#001a00,#001a00,#001a00,#001a00,#001a00,#001a00,#001a00,#001a00,#001a00,#001a00,#001a00,#001a00,#001a00,#001a00,#001a00,#001a00,#001a00,#001a00,#001a00,#001a00,#001a00,#001a00,#001a00,#001a00,#001a00,#001a00,#001a00,#001a00,#001a00,#001a00,#001a00,#001a00,#001a00,#001a00,#001a00,#001a00,#001a00,#001a00,#001a00,#001a00,#001a00,#001a00,#001a00,#001a00,#001a00,#001a00,#001a00,#001a00,#001a00,#001a00,#001a00,#001a00,#001a00,#001a00,#001a00,#001a00,#001a00,#001a00,#001a00,#001a00,#001a00,#001a00,#001a00,#001a00,#001a00,#001a00,#001a00,#001a00,#001a00,#001a00,#001a00,#001a00,#001a00,#001a00,#001a00,#001a00,#001a00
#001a00,#001a00,#001a00,#001a00,#001a00,#001a00,#001a00,#001a00,#001a00,#001a00,#001a00,#001a00,#001a00,#001a00,#001a00,#001a00,#001a00,#001a00,#001a00,#001a00,#001a00,#001a00,#001a00,#001a00,#001a00,#001a00,#001a00,#001a00,#001a00,#001a00,#001a00,#001a00,#001a00,#001a00,#001a00,#001a00,#001a00,#001a00,#001a00,#001a00,#001a00,#001a00,#001a00,#001a00,#001a00,#001a00,#001a00,#001a00,#001a00,#001a00,#001a00,#001a00,#001a00,#001a00,#001a00,#001a00,#001a00,#001a00,#001a00,#001a00,#001a00,#001a00,#001a00,#001a00,#001a00,#001a00,#001a00,#001a00,#001a00,#001a00,#001a00,#001a00,#001a00,#001a00,#001a00,#001a00,#001a00,#001a00,#001a00,#001a00,#001a00,#001a00,#001a00,#001a00,#001a00,#001a00,#001a00,#001a00,#001a00,#001a00,#001a00,#001a00,#001a00,#001a00,#001a00,#001a00,#001a00,#001a00,#001a00,#001a00,#001a00,#001a00,#001a00,#001a00,#001a00,#001a00,#001a00,#001a00,#001a00,#001a00,#001a00,#001a00,#001a00,#001a00,#001a00,#001a00,#001a00,#001a00,#001a00,#001a00,#001a00,#001a00,#001a00,#001a00,#001a00,#001a00,#001a00,#001a00,#001a00,#001a00,#001a00,#001a00,#001a00,#001a00,#001a00,#001a00,#001a00,#001a00,#001a00,#001a00,#001a00,#001a00,#001a00,#001a00,#001a00,#001a00,#001a00,#001a00,#001a00,#001a00,#001a00,#001a00,#001a00,#001a00,#001a00,#001a00,#001a00,#001a00,#001a00,#001a00,#001a00,#001a00,#001a00,#001a00,#001a00,#001a00,#001a00,#001a00,#001a00,#001a00,#001a00,#001a00,#001a00,#001a00,#001a00,#001a00,#001a00,#001a00,#001a00,#001a00,#001a00,#001a00,#001a00,#001a00,#001a00,#001a00,#001a00,#001a00,#001a00,#001a00,#001a00,#001a00
#001a00,#001a00,#001a00,#001a00,#001a00,#001a00,#001a00,#001a00,#001a00,#001a00,#001a00,#001a00,#001a00,#001a00,#001a00,#001a00,#001a00,#001a00,#001a00,#001a00,#001a00,#001a00,#001a00,#001a00,#001a00,#001a00,#001a00,#001a00,#001a00,#001a00,#001a00,#001a00,#001a00,#001a00,#001a00,#001a00,#001a00,#001a00,#001a00,#001a00,#001a00,#001a00,#001a00,#001a00,#001a00,#001a00,#001a00,#001a00,#001a00,#001a00,#001a00,#001a00,#001a00,#001a00,#001a00,#001a00,#001a00,#001a00,#001a00,#001a00,#001a00,#001a00,#001a00,#001a00,#001a00,#001a00,#001a00,#001a00,#001a00,#001a00,#001a00,#001a00,#001a00,#001a00,#001a00,#001a00,#001a00,#001a00,#001a00,#001a00,#001a00,#001a00,#001a00,#001a00,#001a00,#001a00,#001a00,#001a00,#001a00,#001a00,#001a00,#001a00,#001a00,#001a00,#001a00,#001a00,#001a00,#001a00,#001a00,#001a00,#001a00,#001a00,#001a00,#001a00,#001a00,#001a00,#001a00,#001a00,#001a00,#001a00,#001a00,#001a00,#001a00,#001a00,#001a00,#001a00,#001a00,#001a00,#001a00,#001a00,#001a00,#001a00,#001a00,#001a00,#001a00,#001a00,#001a00,#001a00,#001a00,#001a00,#001a00,#001a00,#001a00,#001a00,#001a00,#001a00,#001a00,#001a00,#001a00,#001a00,#001a00,#001a00,#001a00,#001a00,#001a00,#001a00,#001a00,#001a00,#001a00,#001a00,#001a00,#001a00,#001a00,#001a00,#001a00,#001a00,#001a00,#001a00,#001a00,#001a00,#001a00,#001a00,#001a00,#001a00,#001a00,#001a00,#001a00,#001a00,#001a00,#001a00,#001a00,#001a00,#001a00,#001a00,#001a00,#001a00,#001a00,#001a00,#001a00,#001a00,#001a00,#001a00,#001a00,#001a00,#001a00,#001a00,#001a00,#001a00,#001a00,#001a00,#001a00,#001a00
#001a00,#001a00,#001a00,#001a00,#001a00,#001a00,#001a00,#001a00,#001a00,#001a00,#001a00,#001a00,#001a00,#001a00,#001a00,#001a00,#001a00,#001a00,#001a00,#001a00,#001a00,#001a00,#001a00,#001a00,#001a00,#001a00,#001a00,#001a00,#001a00,#001a00,#001a00,#001a00,#001a00,#001a00,#001a00,#001a00,#001a00,#001a00,#001a00,#001a00,#001a00,#001a00,#001a00,#001a00,#001a00,#001a00,#001a00,#001a00,#001a00,#001a00,#001a00,#001a00,#001a00,#001a00,#001a00,#001a00,#001a00,#001a00,#001a00,#001a00,#001a00,#001a00,#001a00,#001a00,#001a00,#001a00,#001a00,#001a00,#001a00,#001a00,#001a00,#001a00,#001a00,#001a00,#001a00,#001a00,#001a00,#001a00,#001a00,#001a00,#001a00,#001a00,#001a00,#001a00,#001a00,#001a00,#001a00,#001a00,#001a00,#001a00,#001a00,#001a00,#001a00,#001a00,#001a00,#001a00,#001a00,#001a00,#001a00,#001a00,#001a00,#001a00,#001a00,#001a00,#001a00,#001a00,#001a00,#001a00,#001a00,#001a00,#001a00,#001a00,#001a00,#001a00,#001a00,#001a00,#001a00,#001a00,#001a00,#001a00,#001a00,#001a00,#001a00,#001a00,#001a00,#001a00,#001a00,#001a00,#001a00,#001a00,#001a00,#001a00,#001a00,#001a00,#001a00,#001a00,#001a00,#001a00,#001a00,#001a00,#001a00,#001a00,#001a00,#001a00,#001a00,#001a00,#001a00,#001a00,#001a00,#001a00,#001a00,#001a00,#001a00,#001a00,#001a00,#001a00,#001a00,#001a00,#001a00,#001a00,#001a00,#001a00,#001a00,#001a00,#001a00,#001a00,#001a00,#001a00,#001a00,#001a00,#001a00,#001a00,#001a00,#001a00,#001a00,#001a00,#001a00,#001a00,#001a00,#001a00,#001a00,#001a00,#001a00,#001a00,#001a00,#001a00,#001a00,#001a00,#001a00,#001a00,#001a00,#001a00
#001a00,#001a00,#001a00,#001a00,#001a00,#001a00,#001a00,#001a00,#001a00,#001a00,#001a00,#001a00,#001a00,#001a00,#001a00,#001a00,#001a00,#001a00,#001a00,#001a00,#001a00,#001a00,#001a00,#001a00,#001a00,#001a00,#001a00,#001a00,#001a00,#001a00,#001a00,#001a00,#001a00,#001a00,#001a00,#001a00,#001a00,#001a00,#001a00,#001a00,#001a00,#001a00,#001a00,#001a00,#001a00,#001a00,#001a00,#001a00,#001a00,#001a00,#001a00,#001a00,#001a00,#001a00,#001a00,#001a00,#001a00,#001a00,#001a00,#001a00,#001a00,#001a00,#001a00,#001a00,#001a00,#001a00,#001a00,#001a00,#001a00,#001a00,#001a00,#001a00,#001a00,#001a00,#001a00,#001a00,#001a00,#001a00,#001a00,#001a00,#001a00,#001a00,#001a00,#001a00,#001a00,#001a00,#001a00,#001a00,#001a00,#001a00,#001a00,#001a00,#001a00,#001a00,#001a00,#001a00,#001a00,#001a00,#001a00,#001a00,#001a00,#001a00,#001a00,#001a00,#001a00,#001a00,#001a00,#001a00,#001a00,#001a00,#001a00,#001a00,#001a00,#001a00,#001a00,#001a00,#001a00,#001a00,#001a00,#001a00,#001a00,#001a00,#001a00,#001a00,#001a00,#001a00,#001a00,#001a00,#001a00,#001a00,#001a00,#001a00,#001a00,#001a00,#001a00,#001a00,#001a00,#001a00,#001a00,#001a00,#001a00,#001a00,#001a00,#001a00,#001a00,#001a00,#001a00,#001a00,#001a00,#001a00,#001a00,#001a00,#001a00,#001a00,#001a00,#001a00,#001a00,#001a00,#001a00,#001a00,#001a00,#001a00,#001a00,#001a00,#001a00,#001a00,#001a00,#001a00,#001a00,#001a00,#001a00,#001a00,#001a00,#001a00,#001a00,#001a00,#001a00,#001a00,#001a00,#001a00,#001a00,#001a00,#001a00,#001a00,#001a00,#001a00,#001a00,#001a00,#001a00,#001a00,#001a00,#001a00
#001a00,#001a00,#001a00,#001a00,#001a00,#001a00,#001a00,#001a00,#001a00,#001a00,#001a00,#001a00,#001a00,#001a00,#001a00,#001a00,#001a00,#001a00,#001a00,#001a00,#001a00,#001a00,#001a00,#001a00,#001a00,#001a00,#001a00,#001a00,#001a00,#001a00,#001a00,#001a00,#001a00,#001a00,#001a00,#001a00,#001a00,#001a00,#001a00,#001a00,#001a00,#001a00,#001a00,#001a00,#001a00,#001a00,#001a00,#001a00,#001a00,#001a00,#001a00,#001a00,#001a00,#001a00,#001a00,#001a00,#001a00,#001a00,#001a00,#001a00,#001a00,#001a00,#001a00,#001a00,#001a00,#001a00,#001a00,#001a00,#001a00,#001a00,#001a00,#001a00,#001a00,#001a00,#001a00,#001a00,#001a00,#001a00,#001a00,#001a00,#001a00,#001a00,#001a00,#001a00,#001a00,#001a00,#001a00,#001a00,#001a00,#001a00,#001a00,#001a00,#001a00,#001a00,#001a00,#001a00,#001a00,#001a00,#001a00,#001a00,#001a00,#001a00,#001a00,#001a00,#001a00,#001a00,#001a00,#001a00,#001a00,#001a00,#001a00,#001a00,#001a00,#001a00,#001a00,#001a00,#001a00,#001a00,#001a00,#001a00,#001a00,#001a00,#001a00,#001a00,#001a00,#001a00,#001a00,#001a00,#001a00,#001a00,#001a00,#001a00,#001a00,#001a00,#001a00,#001a00,#001a00,#001a00,#001a00,#001a00,#001a00,#001a00,#001a00,#001a00,#001a00,#001a00,#001a00,#001a00,#001a00,#001a00,#001a00,#001a00,#001a00,#001a00,#001a00,#001a00,#001a00,#001a00,#001a00,#001a00,#001a00,#001a00,#001a00,#001a00,#001a00,#001a00,#001a00,#001a00,#001a00,#001a00,#001a00,#001a00,#001a00,#001a00,#001a00,#001a00,#001a00,#001a00,#001a00,#001a00,#001a00,#001a00,#001a00,#001a00,#001a00,#001a00,#001a00,#001a00,#001a00,#001a00,#001a00,#001a00
#001a00,#001a00,#001a00,#001a00,#001a00,#001a00,#001a00,#001a00,#001a00,#001a00,#001a00,#001a00,#001a00,#001a00,#001a00,#001a00,#001a00,#001a00,#001a00,#001a00,#001a00,#001a00,#001a00,#001a00,#001a00,#001a00,#001a00,#001a00,#001a00,#001a00,#001a00,#001a00,#001a00,#001a00,#001a00,#001a00,#001a00,#001a00,#001a00,#001a00,#001a00,#001a00,#001a00,#001a00,#001a00,#001a00,#001a00,#001a00,#001a00,#001a00,#001a00,#001a00,#001a00,#001a00,#001a00,#001a00,#001a00,#001a00,#001a00,#001a00,#001a00,#001a00,#001a00,#001a00,#001a00,#001a00,#001a00,#001a00,#001a00,#001a00,#001a00,#001a00,#001a00,#001a00,#001a00,#001a00,#001a00,#001a00,#001a00,#001a00,#001a00,#001a00,#001a00,#001a00,#001a00,#001a00,#001a00,#001a00,#001a00,#001a00,#001a00,#001a00,#001a00,#001a00,#001a00,#001a00,#001a00,#001a00,#001a00,#001a00,#001a00,#001a00,#001a00,#001a00,#001a00,#001a00,#001a00,#001a00,#001a00,#001a00,#001a00,#001a00,#001a00,#001a00,#001a00,#001a00,#001a00,#001a00,#001a00,#001a00,#001a00,#001a00,#001a00,#001a00,#001a00,#001a00,#001a00,#001a00,#001a00,#001a00,#001a00,#001a00,#001a00,#001a00,#001a00,#001a00,#001a00,#001a00,#001a00,#001a00,#001a00,#001a00,#001a00,#001a00,#001a00,#001a00,#001a00,#001a00,#001a00,#001a00,#001a00,#001a00,#001a00,#001a00,#001a00,#001a00,#001a00,#001a00,#001a00,#001a00,#001a00,#001a00,#001a00,#001a00,#001a00,#001a00,#001a00,#001a00,#001a00,#001a00,#001a00,#001a00,#001a00,#001a00,#001a00,#001a00,#001a00,#001a00,#001a00,#001a00,#001a00,#001a00,#001a00,#001a00,#001a00,#001a00,#001a00,#001a00,#001a00,#001a00,#001a00,#001a00
#001a00,#001a00,#001a00,#001a00,#001a00,#001a00,#001a00,#001a00,#001a00,#001a00,#001a00,#001a00,#001a00,#001a00,#001a00,#001a00,#001a00,#001a00,#001a00,#001a00,#001a00,#001a00,#001a00,#001a00,#001a00,#001a00,#001a00,#001a00,#001a00,#001a00,#001a00,#001a00,#001a00,#001a00,#001a00,#001a00,#001a00,#001a00,#001a00,#001a00,#001a00,#001a00,#001a00,#001a00,#001a00,#001a00,#001a00,#001a00,#001a00,#001a00,#001a00,#001a00,#001a00,#001a00,#001a00,#001a00,#001a00,#001a00,#001a00,#001a00,#001a00,#001a00,#001a00,#001a00,#001a00,#001a00,#001a00,#001a00,#001a00,#001a00,#001a00,#001a00,#001a00,#001a00,#001a00,#001a00,#001a00,#001a00,#001a00,#001a00,#001a00,#001a00,#001a00,#001a00,#001a00,#001a00,#001a00,#001a00,#001a00,#001a00,#001a00,#001a00,#001a00,#001a00,#001a00,#001a00,#001a00,#001a00,#001a00,#001a00,#001a00,#001a00,#001a00,#001a00,#001a00,#001a00,#001a00,#001a00,#001a00,#001a00,#001a00,#001a00,#001a00,#001a00,#001a00,#001a00,#001a00,#001a00,#001a00,#001a00,#001a00,#001a00,#001a00,#001a00,#001a00,#001a00,#001a00,#001a00,#001a00,#001a00,#001a00,#001a00,#001a00,#001a00,#001a00,#001a00,#001a00,#001a00,#001a00,#001a00,#001a00,#001a00,#001a00,#001a00,#001a00,#001a00,#001a00,#001a00,#001a00,#001a00,#001a00,#001a00,#001a00,#001a00,#001a00,#001a00,#001a00,#001a00,#001a00,#001a00,#001a00,#001a00,#001a00,#001a00,#001a00,#001a00,#001a00,#001a00,#001a00,#001a00,#001a00,#001a00,#001a00,#001a00,#001a00,#001a00,#001a00,#001a00,#001a00,#001a00,#001a00,#001a00,#001a00,#001a00,#001a00,#001a00,#001a00,#001a00,#001a00,#001a00,#001a00,#001a00
#001a00,#001a00,#001a00,#001a00,#001a00,#001a00,#001a00,#001a00,#001a00,#001a00,#001a00,#001a00,#001a00,#001a00,#001a00,#001a00,#001a00,#001a00,#001a00,#001a00,#001a00,#001a00,#001a00,#001a00,#001a00,#001a00,#001a00,#001a00,#001a00,#001a00,#001a00,#001a00,#001a00,#001a00,#001a00,#001a00,#001a00,#001a00,#001a00,#001a00,#001a00,#001a00,#001a00,#001a00,#001a00,#001a00,#001a00,#001a00,#001a00,#001a00,#001a00,#001a00,#001a00,#001a00,#001a00,#001a00,#001a00,#001a00,#001a00,#001a00,#001a00,#001a00,#001a00,#001a00,#001a00,#001a00,#001a00,#001a00,#001a00,#001a00,#001a00,#001a00,#001a00,#001a00,#001a00,#001a00,#001a00,#001a00,#001a00,#001a00,#001a00,#001a00,#001a00,#001a00,#001a00,#001a00,#001a00,#001a00,#001a00,#001a00,#001a00,#001a00,#001a00,#001a00,#001a00,#001a00,#001a00,#001a00,#001a00,#001a00,#001a00,#001a00,#001a00,#001a00,#001a00,#001a00,#001a00,#001a00,#001a00,#001a00,#001a00,#001a00,#001a00,#001a00,#001a00,#001a00,#001a00,#001a00,#001a00,#001a00,#001a00,#001a00,#001a00,#001a00,#001a00,#001a00,#001a00,#001a00,#001a00,#001a00,#001a00,#001a00,#001a00,#001a00,#001a00,#001a00,#001a00,#001a00,#001a00,#001a00,#001a00,#001a00,#001a00,#001a00,#001a00,#001a00,#001a00,#001a00,#001a00,#001a00,#001a00,#001a00,#001a00,#001a00,#001a00,#001a00,#001a00,#001a00,#001a00,#001a00,#001a00,#001a00,#001a00,#001a00,#001a00,#001a00,#001a00,#001a00,#001a00,#001a00,#001a00,#001a00,#001a00,#001a00,#001a00,#001a00,#001a00,#001a00,#001a00,#001a00,#001a00,#001a00,#001a00,#001a00,#001a00,#001a00,#001a00,#001a00,#001a00,#001a00,#001a00,#001a00
#001a00,#001a00,#001a00,#001a00,#001a00,#001a00,#001a00,#001a00,#001a00,#001a00,#001a00,#001a00,#001a00,#001a00,#001a00,#001a00,#001a00,#001a00,#001a00,#001a00,#001a00,#001a00,#001a00,#001a00,#001a00,#001a00,#001a00,#001a00,#001a00,#001a00,#001a00,#001a00,#001a00,#001a00,#001a00,#001a00,#001a00,#001a00,#001a00,#001a00,#001a00,#001a00,#001a00,#001a00,#001a00,#001a00,#001a00,#001a00,#001a00,#001a00,#001a00,#001a00,#001a00,#001a00,#001a00,#001a00,#001a00,#001a00,#001a00,#001a00,#001a00,#001a00,#001a00,#001a00,#001a00,#001a00,#001a00,#001a00,#001a00,#001a00,#001a00,#001a00,#001a00,#001a00,#001a00,#001a00,#001a00,#001a00,#001a00,#001a00,#001a00,#001a00,#001a00,#001a00,#001a00,#001a00,#001a00,#001a00,#001a00,#001a00,#001a00,#001a00,#001a00,#001a00,#001a00,#001a00,#001a00,#001a00,#001a00,#001a00,#001a00,#001a00,#001a00,#001a00,#001a00,#001a00,#001a00,#001a00,#001a00,#001a00,#001a00,#001a00,#001a00,#001a00,#001a00,#001a00,#001a00,#001a00,#001a00,#001a00,#001a00,#001a00,#001a00,#001a00,#001a00,#001a00,#001a00,#001a00,#001a00,#001a00,#001a00,#001a00,#001a00,#001a00,#001a00,#001a00,#001a00,#001a00,#001a00,#001a00,#001a00,#001a00,#001a00,#001a00,#001a00,#001a00,#001a00,#001a00,#001a00,#001a00,#001a00,#001a00,#001a00,#001a00,#001a00,#001a00,#001a00,#001a00,#001a00,#001a00,#001a00,#001a00,#001a00,#001a00,#001a00,#001a00,#001a00,#001a00,#001a00,#001a00,#001a00,#001a00,#001a00,#001a00,#001a00,#001a00,#001a00,#001a00,#001a00,#001a00,#001a00,#001a00,#001a00,#001a00,#001a00,#001a00,#001a00,#001a00,#001a00,#001a00,#001a00,#001a00
#001a00,#001a00,#001a00,#001a00,#001a00,#001a00,#001a00,#001a00,#001a00,#001a00,#001a00,#001a00,#001a00,#001a00,#001a00,#001a00,#001a00,#001a00,#001a00,#001a00,#001a00,#001a00,#001a00,#001a00,#001a00,#001a00,#001a00,#001a00,#001a00,#001a00,#001a00,#001a00,#001a00,#001a00,#001a00,#001a00,#001a00,#001a00,#001a00,#001a00,#001a00,#001a00,#001a00,#001a00,#001a00,#001a00,#001a00,#001a00,#001a00,#001a00,#001a00,#001a00,#001a00,#001a00,#001a00,#001a00,#001a00,#001a00,#001a00,#001a00,#001a00,#001a00,#001a00,#001a00,#001a00,#001a00,#001a00,#001a00,#001a00,#001a00,#001a00,#001a00,#001a00,#001a00,#001a00,#001a00,#001a00,#001a00,#001a00,#001a00,#001a00,#001a00,#001a00,#001a00,#001a00,#001a00,#001a00,#001a00,#001a00,#001a00,#001a00,#001a00,#001a00,#001a00,#001a00,#001a00,#001a00,#001a00,#001a00,#001a00,#001a00,#001a00,#001a00,#001a00,#001a00,#001a00,#001a00,#001a00,#001a00,#001a00,#001a00,#001a00,#001a00,#001a00,#001a00,#001a00,#001a00,#001a00,#001a00,#001a00,#001a00,#001a00,#001a00,#001a00,#001a00,#001a00,#001a00,#001a00,#001a00,#001a00,#001a00,#001a00,#001a00,#001a00,#001a00,#001a00,#001a00,#001a00,#001a00,#001a00,#001a00,#001a00,#001a00,#001a00,#001a00,#001a00,#001a00,#001a00,#001a00,#001a00,#001a00,#001a00,#001a00,#001a00,#001a00,#001a00,#001a00,#001a00,#001a00,#001a00,#001a00,#001a00,#001a00,#001a00,#001a00,#001a00,#001a00,#001a00,#001a00,#001a00,#001a00,#001a00,#001a00,#001a00,#001a00,#001a00,#001a00,#001a00,#001a00,#001a00,#001a00,#001a00,#001a00,#001a00,#001a00,#001a00,#001a00,#001a00,#001a00,#001a00,#001a00,#001a00
#001a00,#001a00,#001a00,#001a00,#001a00,#001a00,#001a00,#001a00,#001a00,#001a00,#001a00,#001a00,#001a00,#001a00,#001a00,#001a00,#001a00,#001a00,#001a00,#001a00,#001a00,#001a00,#001a00,#001a00,#001a00,#001a00,#001a00,#001a00,#001a00,#001a00,#001a00,#001a00,#001a00,#001a00,#001a00,#001a00,#001a00,#001a00,#001a00,#001a00,#001a00,#001a00,#001a00,#001a00,#001a00,#001a00,#001a00,#001a00,#001a00,#001a00,#001a00,#001a00,#001a00,#001a00,#001a00,#001a00,#001a00,#001a00,#001a00,#001a00,#001a00,#001a00,#001a00,#001a00,#001a00,#001a00,#001a00,#001a00,#001a00,#001a00,#001a00,#001a00,#001a00,#001a00,#001a00,#001a00,#001a00,#001a00,#001a00,#001a00,#001a00,#001a00,#001a00,#001a00,#001a00,#001a00,#001a00,#001a00,#001a00,#001a00,#001a00,#001a00,#001a00,#001a00,#001a00,#001a00,#001a00,#001a00,#001a00,#001a00,#001a00,#001a00,#001a00,#001a00,#001a00,#001a00,#001a00,#001a00,#001a00,#001a00,#001a00,#001a00,#001a00,#001a00,#001a00,#001a00,#001a00,#001a00,#001a00,#001a00,#001a00,#001a00,#001a00,#001a00,#001a00,#001a00,#001a00,#001a00,#001a00,#001a00,#001a00,#001a00,#001a00,#001a00,#001a00,#001a00,#001a00,#001a00,#001a00,#001a00,#001a00,#001a00,#001a00,#001a00,#001a00,#001a00,#001a00,#001a00,#001a00,#001a00,#001a00,#001a00,#001a00,#001a00,#001a00,#001a00,#001a00,#001a00,#001a00,#001a00,#001a00,#001a00,#001a00,#001a00,#001a00,#001a00,#001a00,#001a00,#001a00,#001a00,#001a00,#001a00,#001a00,#001a00,#001a00,#001a00,#001a00,#001a00,#001a00,#001a00,#001a00,#001a00,#001a00,#001a00,#001a00,#001a00,#001a00,#001a00,#001a00,#001a00,#001a00,#001a00
#001a00,#001a00,#001a00,#001a00,#001a00,#001a00,#001a00,#001a00,#001a00,#001a00,#001a00,#001a00,#001a00,#001a00,#001a00,#001a00,#001a00,#001a00,#001a00,#001a00,#001a00,#001a00,#001a00,#001a00,#001a00,#001a00,#001a00,#001a00,#001a00,#001a00,#001a00,#001a00,#001a00,#001a00,#001a00,#001a00,#001a00,#001a00,#001a00,#001a00,#001a00,#001a00,#001a00,#001a00,#001a00,#001a00,#001a00,#001a00,#001a00,#001a00,#001a00,#001a00,#001a00,#001a00,#001a00,#001a00,#001a00,#001a00,#001a00,#001a00,#001a00,#001a00,#001a00,#001a00,#001a00,#001a00,#001a00,#001a00,#001a00,#001a00,#001a00,#001a00,#001a00,#001a00,#001a00,#001a00,#001a00,#001a00,#001a00,#001a00,#001a00,#001a00,#001a00,#001a00,#001a00,#001a00,#001a00,#001a00,#001a00,#001a00,#001a00,#001a00,#001a00,#001a00,#001a00,#001a00,#001a00,#001a00,#001a00,#001a00,#001a00,#001a00,#001a00,#001a00,#001a00,#001a00,#001a00,#001a00,#001a00,#001a00,#001a00,#001a00,#001a00,#001a00,#001a00,#001a00,#001a00,#001a00,#001a00,#001a00,#001a00,#001a00,#001a00,#001a00,#001a00,#001a00,#001a00,#001a00,#001a00,#001a00,#001a00,#001a00,#001a00,#001a00,#001a00,#001a00,#001a00,#001a00,#001a00,#001a00,#001a00,#001a00,#001a00,#001a00,#001a00,#001a00,#001a00,#001a00,#001a00,#001a00,#001a00,#001a00,#001a00,#001a00,#001a00,#001a00,#001a00,#001a00,#001a00,#001a00,#001a00,#001a00,#001a00,#001a00,#001a00,#001a00,#001a00,#001a00,#001a00,#001a00,#001a00,#001a00,#001a00,#001a00,#001a00,#001a00,#001a00,#001a00,#001a00,#001a00,#001a00,#001a00,#001a00,#001a00,#001a00,#001a00,#001a00,#001a00,#001a00,#001a00,#001a00,#001a00
#001a00,#001a00,#001a00,#001a00,#001a00,#001a00,#001a00,#001a00,#001a00,#001a00,#001a00,#001a00,#001a00,#001a00,#001a00,#001a00,#001a00,#001a00,#001a00,#001a00,#001a00,#001a00,#001a00,#001a00,#001a00,#001a00,#001a00,#001a00,#001a00,#001a00,#001a00,#001a00,#001a00,#001a00,#001a00,#001a00,#001a00,#001a00,#001a00,#001a00,#001a00,#001a00,#001a00,#001a00,#001a00,#001a00,#001a00,#001a00,#001a00,#001a00,#001a00,#001a00,#001a00,#001a00,#001a00,#001a00,#001a00,#001a00,#001a00,#001a00,#001a00,#001a00,#001a00,#001a00,#001a00,#001a00,#001a00,#001a00,#001a00,#001a00,#001a00,#001a00,#001a00,#001a00,#001a00,#001a00,#001a00,#001a00,#001a00,#001a00,#001a00,#001a00,#001a00,#001a00,#001a00,#001a00,#001a00,#001a00,#001a00,#001a00,#001a00,#001a00,#001a00,#001a00,#001a00,#001a00,#001a00,#001a00,#001a00,#001a00,#001a00,#001a00,#001a00,#001a00,#001a00,#001a00,#001a00,#001a00,#001a00,#001a00,#001a00,#001a00,#001a00,#001a00,#001a00,#001a00,#001a00,#001a00,#001a00,#001a00,#001a00,#001a00,#001a00,#001a00,#001a00,#001a00,#001a00,#001a00,#001a00,#001a00,#001a00,#001a00,#001a00,#001a00,#001a00,#001a00,#001a00,#001a00,#001a00,#001a00,#001a00,#001a00,#001a00,#001a00,#001a00,#001a00,#001a00,#001a00,#001a00,#001a00,#001a00,#001a00,#001a00,#001a00,#001a00,#001a00,#001a00,#001a00,#001a00,#001a00,#001a00,#001a00,#001a00,#001a00,#001a00,#001a00,#001a00,#001a00,#001a00,#001a00,#001a00,#001a00,#001a00,#001a00,#001a00,#001a00,#001a00,#001a00,#001a00,#001a00,#001a00,#001a00,#001a00,#001a00,#001a00,#001a00,#001a00,#001a00,#001a00,#001a00,#001a00,#001a00
#001a00,#001a00,#001a00,#001a00,#001a00,#001a00,#001a00,#001a00,#001a00,#001a00,#001a00,#001a00,#001a00,#001a00,#001a00,#001a00,#001a00,#001a00,#001a00,#001a00,#001a00,#001a00,#001a00,#001a00,#001a00,#001a00,#001a00,#001a00,#001a00,#001a00,#001a00,#001a00,#001a00,#001a00,#001a00,#001a00,#001a00,#001a00,#001a00,#001a00,#001a00,#001a00,#001a00,#001a00,#001a00,#001a00,#001a00,#001a00,#001a00,#001a00,#001a00,#001a00,#001a00,#001a00,#001a00,#001a00,#001a00,#001a00,#001a00,#001a00,#001a00,#001a00,#001a00,#001a00,#001a00,#001a00,#001a00,#001a00,#001a00,#001a00,#001a00,#001a00,#001a00,#001a00,#001a00,#001a00,#001a00,#001a00,#001a00,#001a00,#001a00,#001a00,#001a00,#001a00,#001a00,#001a00,#001a00,#001a00,#001a00,#001a00,#001a00,#001a00,#001a00,#001a00,#001a00,#001a00,#001a00,#001a00,#001a00,#001a00,#001a00,#001a00,#001a00,#001a00,#001a00,#001a00,#001a00,#001a00,#001a00,#001a00,#001a00,#001a00,#001a00,#001a00,#001a00,#001a00,#001a00,#001a00,#001a00,#001a00,#001a00,#001a00,#001a00,#001a00,#001a00,#001a00,#001a00,#001a00,#001a00,#001a00,#001a00,#001a00,#001a00,#001a00,#001a00,#001a00,#001a00,#001a00,#001a00,#001a00,#001a00,#001a00,#001a00,#001a00,#001a00,#001a00,#001a00,#001a00,#001a00,#001a00,#001a00,#001a00,#001a00,#001a00,#001a00,#001a00,#001a00,#001a00,#001a00,#001a00,#001a00,#001a00,#001a00,#001a00,#001a00,#001a00,#001a00,#001a00,#001a00,#001a00,#001a00,#001a00,#001a00,#001a00,#001a00,#001a00,#001a00,#001a00,#001a00,#001a00,#001a00,#001a00,#001a00,#001a00,#001a00,#001a00,#001a00,#001a00,#001a00,#001a00,#001a00,#001a00
#001a00,#001a00,#001a00,#001a00,#001a00,#001a00,#001a00,#001a00,#001a00,#001a00,#001a00,#001a00,#001a00,#001a00,#001a00,#001a00,#001a00,#001a00,#001a00,#001a00,#001a00,#001a00,#001a00,#001a00,#001a00,#001a00,#001a00,#001a00,#001a00,#001a00,#001a00,#001a00,#001a00,#001a00,#001a00,#001a00,#001a00,#001a00,#001a00,#001a00,#001a00,#001a00,#001a00,#001a00,#001a00,#001a00,#001a00,#001a00,#001a00,#001a00,#001a00,#001a00,#001a00,#001a00,#001a00,#001a00,#001a00,#001a00,#001a00,#001a00,#001a00,#001a00,#001a00,#001a00,#001a00,#001a00,#001a00,#001a00,#001a00,#001a00,#001a00,#001a00,#001a00,#001a00,#001a00,#001a00,#001a00,#001a00,#001a00,#001a00,#001a00,#001a00,#001a00,#001a00,#001a00,#001a00,#001a00,#001a00,#001a00,#001a00,#001a00,#001a00,#001a00,#001a00,#001a00,#001a00,#001a00,#001a00,#001a00,#001a00,#001a00,#001a00,#001a00,#001a00,#001a00,#001a00,#001a00,#001a00,#001a00,#001a00,#001a00,#001a00,#001a00,#001a00,#001a00,#001a00,#001a00,#001a00,#001a00,#001a00,#001a00,#001a00,#001a00,#001a00,#001a00,#001a00,#001a00,#001a00,#001a00,#001a00,#001a00,#001a00,#001a00,#001a00,#001a00,#001a00,#001a00,#001a00,#001a00,#001a00,#001a00,#001a00,#001a00,#001a00,#001a00,#001a00,#001a00,#001a00,#001a00,#001a00,#001a00,#001a00,#001a00,#001a00,#001a00,#001a00,#001a00,#001a00,#001a00,#001a00,#001a00,#001a00,#001a00,#001a00,#001a00,#001a00,#001a00,#001a00,#001a00,#001a00,#001a00,#001a00,#001a00,#001a00,#001a00,#001a00,#001a00,#001a00,#001a00,#001a00,#001a00,#001a00,#001a00,#001a00,#001a00,#001a00,#001a00,#001a00,#001a00,#001a00,#001a00,#001a00
#001a00,#001a00,#001a00,#001a00,#001a00,#001a00,#001a00,#001a00,#001a00,#001a00,#001a00,#001a00,#001a00,#001a00,#001a00,#001a00,#001a00,#001a00,#001a00,#001a00,#001a00,#001a00,#001a00,#001a00,#001a00,#001a00,#001a00,#001a00,#001a00,#001a00,#001a00,#001a00,#001a00,#001a00,#001a00,#001a00,#001a00,#001a00,#001a00,#001a00,#001a00,#001a00,#001a00,#001a00,#001a00,#001a00,#001a00,#001a00,#001a00,#001a00,#001a00,#001a00,#001a00,#001a00,#001a00,#001a00,#001a00,#001a00,#001a00,#001a00,#001a00,#001a00,#001a00,#001a00,#001a00,#001a00,#001a00,#001a00,#001a00,#001a00,#001a00,#001a00,#001a00,#001a00,#001a00,#001a00,#001a00,#001a00,#001a00,#001a00,#001a00,#001a00,#001a00,#001a00,#001a00,#001a00,#001a00,#001a00,#001a00,#001a00,#001a00,#001a00,#001a00,#001a00,#001a00,#001a00,#001a00,#001a00,#001a00,#001a00,#001a00,#001a00,#001a00,#001a00,#001a00,#001a00,#001a00,#001a00,#001a00,#001a00,#001a00,#001a00,#001a00,#001a00,#001a00,#001a00,#001a00,#001a00,#001a00,#001a00,#001a00,#001a00,#001a00,#001a00,#001a00,#001a00,#001a00,#001a00,#001a00,#001a00,#001a00,#001a00,#001a00,#001a00,#001a00,#001a00,#001a00,#001a00,#001a00,#001a00,#001a00,#001a00,#001a00,#001a00,#001a00,#001a00,#001a00,#001a00,#001a00,#001a00,#001a00,#001a00,#001a00,#001a00,#001a00,#001a00,#001a00,#001a00,#001a00,#001a00,#001a00,#001a00,#001a00,#001a00,#001a00,#001a00,#001a00,#001a00,#001a00,#001a00,#001a00,#001a00,#001a00,#001a00,#001a00,#001a00,#001a00,#001a00,#001a00,#001a00,#001a00,#001a00,#001a00,#001a00,#001a00,#001a00,#001a00,#001a00,#001a00,#001a00,#001a00,#001a00
#001a00,#001a00,#001a00,#001a00,#001a00,#001a00,#001a00,#001a00,#001a00,#001a00,#001a00,#001a00,#001a00,#001a00,#001a00,#001a00,#001a00,#001a00,#001a00,#001a00,#001a00,#001a00,#001a00,#001a00,#001a00,#001a00,#001a00,#001a00,#001a00,#001a00,#001a00,#001a00,#001a00,#001a00,#001a00,#001a00,#001a00,#001a00,#001a00,#001a00,#001a00,#001a00,#001a00,#001a00,#001a00,#001a00,#001a00,#001a00,#001a00,#001a00,#001a00,#001a00,#001a00,#001a00,#001a00,#001a00,#001a00,#001a00,#001a00,#001a00,#001a00,#001a00,#001a00,#001a00,#001a00,#001a00,#001a00,#001a00,#001a00,#001a00,#001a00,#001a00,#001a00,#001a00,#001a00,#001a00,#001a00,#001a00,#001a00,#001a00,#001a00,#001a00,#001a00,#001a00,#001a00,#001a00,#001a00,#001a00,#001a00,#001a00,#001a00,#001a00,#001a00,#001a00,#001a00,#001a00,#001a00,#001a00,#001a00,#001a00,#001a00,#001a00,#001a00,#001a00,#001a00,#001a00,#001a00,#001a00,#001a00,#001a00,#001a00,#001a00,#001a00,#001a00,#001a00,#001a00,#001a00,#001a00,#001a00,#001a00,#001a00,#001a00,#001a00,#001a00,#001a00,#001a00,#001a00,#001a00,#001a00,#001a00,#001a00,#001a00,#001a00,#001a00,#001a00,#001a00,#001a00,#001a00,#001a00,#001a00,#001a00,#001a00,#001a00,#001a00,#001a00,#001a00,#001a00,#001a00,#001a00,#001a00,#001a00,#001a00,#001a00,#001a00,#001a00,#001a00,#001a00,#001a00,#001a00,#001a00,#001a00,#001a00,#001a00,#001a00,#001a00,#001a00,#001a00,#001a00,#001a00,#001a00,#001a00,#001a00,#001a00,#001a00,#001a00,#001a00,#001a00,#001a00,#001a00,#001a00,#001a00,#001a00,#001a00,#001a00,#001a00,#001a00,#001a00,#001a00,#001a00,#001a00,#001a00,#001a00
#001a00,#001a00,#001a00,#001a00,#001a00,#001a00,#001a00,#001a00,#001a00,#001a00,#001a00,#001a00,#001a00,#001a00,#001a00,#001a00,#001a00,#001a00,#001a00,#001a00,#001a00,#001a00,#001a00,#001a00,#001a00,#001a00,#001a00,#001a00,#001a00,#001a00,#001a00,#001a00,#001a00,#001a00,#001a00,#001a00,#001a00,#001a00,#001a00,#001a00,#001a00,#001a00,#001a00,#001a00,#001a00,#001a00,#001a00,#001a00,#001a00,#001a00,#001a00,#001a00,#001a00,#001a00,#001a00,#001a00,#001a00,#001a00,#001a00,#001a00,#001a00,#001a00,#001a00,#001a00,#001a00,#001a00,#001a00,#001a00,#001a00,#001a00,#001a00,#001a00,#001a00,#001a00,#001a00,#001a00,#001a00,#001a00,#001a00,#001a00,#001a00,#001a00,#001a00,#001a00,#001a00,#001a00,#001a00,#001a00,#001a00,#001a00,#001a00,#001a00,#001a00,#001a00,#001a00,#001a00,#001a00,#001a00,#001a00,#001a00,#001a00,#001a00,#001a00,#001a00,#001a00,#001a00,#001a00,#001a00,#001a00,#001a00,#001a00,#001a00,#001a00,#001a00,#001a00,#001a00,#001a00,#001a00,#001a00,#001a00,#001a00,#001a00,#001a00,#001a00,#001a00,#001a00,#001a00,#001a00,#001a00,#001a00,#001a00,#001a00,#001a00,#001a00,#001a00,#001a00,#001a00,#001a00,#001a00,#001a00,#001a00,#001a00,#001a00,#001a00,#001a00,#001a00,#001a00,#001a00,#001a00,#001a00,#001a00,#001a00,#001a00,#001a00,#001a00,#001a00,#001a00,#001a00,#001a00,#001a00,#001a00,#001a00,#001a00,#001a00,#001a00,#001a00,#001a00,#001a00,#001a00,#001a00,#001a00,#001a00,#001a00,#001a00,#001a00,#001a00,#001a00,#001a00,#001a00,#001a00,#001a00,#001a00,#001a00,#001a00,#001a00,#001a00,#001a00,#001a00,#001a00,#001a00,#001a00,#001a00
#001a00,#001a00,#001a00,#001a00,#001a00,#001a00,#001a00,#001a00,#001a00,#001a00,#001a00,#001a00,#001a00,#001a00,#001a00,#001a00,#001a00,#001a00,#001a00,#001a00,#001a00,#001a00,#001a00,#001a00,#001a00,#001a00,#001a00,#001a00,#001a00,#001a00,#001a00,#001a00,#001a00,#001a00,#001a00,#001a00,#001a00,#001a00,#001a00,#001a00,#001a00,#001a00,#001a00,#001a00,#001a00,#001a00,#001a00,#001a00,#001a00,#001a00,#001a00,#001a00,#001a00,#001a00,#001a00,#001a00,#001a00,#001a00,#001a00,#001a00,#001a00,#001a00,#001a00,#001a00,#001a00,#001a00,#001a00,#001a00,#001a00,#001a00,#001a00,#001a00,#001a00,#001a00,#001a00,#001a00,#001a00,#001a00,#001a00,#001a00,#001a00,#001a00,#001a00,#001a00,#001a00,#001a00,#001a00,#001a00,#001a00,#001a00,#001a00,#001a00,#001a00,#001a00,#001a00,#001a00,#001a00,#001a00,#001a00,#001a00,#001a00,#001a00,#001a00,#001a00,#001a00,#001a00,#001a00,#001a00,#001a00,#001a00,#001a00,#001a00,#001a00,#001a00,#001a00,#001a00,#001a00,#001a00,#001a00,#001a00,#001a00,#001a00,#001a00,#001a00,#001a00,#001a00,#001a00,#001a00,#001a00,#001a00,#001a00,#001a00,#001a00,#001a00,#001a00,#001a00,#001a00,#001a00,#001a00,#001a00,#001a00,#001a00,#001a00,#001a00,#001a00,#001a00,#001a00,#001a00,#001a00,#001a00,#001a00,#001a00,#001a00,#001a00,#001a00,#001a00,#001a00,#001a00,#001a00,#001a00,#001a00,#001a00,#001a00,#001a00,#001a00,#001a00,#001a00,#001a00,#001a00,#001a00,#001a00,#001a00,#001a00,#001a00,#001a00,#001a00,#001a00,#001a00,#001a00,#001a00,#001a00,#001a00,#001a00,#001a00,#001a00,#001a00,#001a00,#001a00,#001a00,#001a00,#001a00,#001a00
#001a00,#001a00,#001a00,#001a00,#001a00,#001a00,#001a00,#001a00,#001a00,#001a00,#001a00,#001a00,#001a00,#001a00,#001a00,#001a00,#001a00,#001a00,#001a00,#001a00,#001a00,#001a00,#001a00,#001a00,#001a00,#001a00,#001a00,#001a00,#001a00,#001a00,#001a00,#001a00,#001a00,#001a00,#001a00,#001a00,#001a00,#001a00,#001a00,#001a00,#001a00,#001a00,#001a00,#001a00,#001a00,#001a00,#001a00,#001a00,#001a00,#001a00,#001a00,#001a00,#001a00,#001a00,#001a00,#001a00,#001a00,#001a00,#001a00,#001a00,#001a00,#001a00,#001a00,#001a00,#001a00,#001a00,#001a00,#001a00,#001a00,#001a00,#001a00,#001a00,#001a00,#001a00,#001a00,#001a00,#001a00,#001a00,#001a00,#001a00,#001a00,#001a00,#001a00,#001a00,#001a00,#001a00,#001a00,#001a00,#001a00,#001a00,#001a00,#001a00,#001a00,#001a00,#001a00,#001a00,#001a00,#001a00,#001a00,#001a00,#001a00,#001a00,#001a00,#001a00,#001a00,#001a00,#001a00,#001a00,#001a00,#001a00,#001a00,#001a00,#001a00,#001a00,#001a00,#001a00,#001a00,#001a00,#001a00,#001a00,#001a00,#001a00,#001a00,#001a00,#001a00,#001a00,#001a00,#001a00,#001a00,#001a00,#001a00,#001a00,#001a00,#001a00,#001a00,#001a00,#001a00,#001a00,#001a00,#001a00,#001a00,#001a00,#001a00,#001a00,#001a00,#001a00,#001a00,#001a00,#001a00,#001a00,#001a00,#001a00,#001a00,#001a00,#001a00,#001a00,#001a00,#001a00,#001a00,#001a00,#001a00,#001a00,#001a00,#001a00,#001a00,#001a00,#001a00,#001a00,#001a00,#001a00,#001a00,#001a00,#001a00,#001a00,#001a00,#001a00,#001a00,#001a00,#001a00,#001a00,#001a00,#001a00,#001a00,#001a00,#001a00,#001a00,#001a00,#001a00,#001a00,#001a00,#001a00,#001a00
#001a00,#001a00,#001a00,#001a00,#001a00,#001a00,#001a00,#001a00,#001a00,#001a00,#001a00,#001a00,#001a00,#001a00,#001a00,#001a00,#001a00,#001a00,#001a00,#001a00,#001a00,#001a00,#001a00,#001a00,#001a00,#001a00,#001a00,#001a00,#001a00,#001a00,#001a00,#001a00,#001a00,#001a00,#001a00,#001a00,#001a00,#001a00,#001a00,#001a00,#001a00,#001a00,#001a00,#001a00,#001a00,#001a00,#001a00,#001a00,#001a00,#001a00,#001a00,#001a00,#001a00,#001a00,#001a00,#001a00,#001a00,#001a00,#001a00,#001a00,#001a00,#001a00,#001a00,#001a00,#001a00,#001a00,#001a00,#001a00,#001a00,#001a00,#001a00,#001a00,#001a00,#001a00,#001a00,#001a00,#001a00,#001a00,#001a00,#001a00,#001a00,#001a00,#001a00,#001a00,#001a00,#001a00,#001a00,#001a00,#001a00,#001a00,#001a00,#001a00,#001a00,#001a00,#001a00,#001a00,#001a00,#001a00,#001a00,#001a00,#001a00,#001a00,#001a00,#001a00,#001a00,#001a00,#001a00,#001a00,#001a00,#001a00,#001a00,#001a00,#001a00,#001a00,#001a00,#001a00,#001a00,#001a00,#001a00,#001a00,#001a00,#001a00,#001a00,#001a00,#001a00,#001a00,#001a00,#001a00,#001a00,#001a00,#001a00,#001a00,#001a00,#001a00,#001a00,#001a00,#001a00,#001a00,#001a00,#001a00,#001a00,#001a00,#001a00,#001a00,#001a00,#001a00,#001a00,#001a00,#001a00,#001a00,#001a00,#001a00,#001a00,#001a00,#001a00,#001a00,#001a00,#001a00,#001a00,#001a00,#001a00,#001a00,#001a00,#001a00,#001a00,#001a00,#001a00,#001a00,#001a00,#001a00,#001a00,#001a00,#001a00,#001a00,#001a00,#001a00,#001a00,#001a00,#001a00,#001a00,#001a00,#001a00,#001a00,#001a00,#001a00,#001a00,#001a00,#001a00,#001a00,#001a00,#001a00,#001a00
#001a00,#001a00,#001a00,#001a00,#001a00,#001a00,#001a00,#001a00,#001a00,#001a00,#001a00,#001a00,#001a00,#001a00,#001a00,#001a00,#001a00,#001a00,#001a00,#001a00,#001a00,#001a00,#001a00,#001a00,#001a00,#001a00,#001a00,#001a00,#001a00,#001a00,#001a00,#001a00,#001a00,#001a00,#001a00,#001a00,#001a00,#001a00,#001a00,#001a00,#001a00,#001a00,#001a00,#001a00,#001a00,#001a00,#001a00,#001a00,#001a00,#001a00,#001a00,#001a00,#001a00,#001a00,#001a00,#001a00,#001a00,#001a00,#001a00,#001a00,#001a00,#001a00,#001a00,#001a00,#001a00,#001a00,#001a00,#001a00,#001a00,#001a00,#001a00,#001a00,#001a00,#001a00,#001a00,#001a00,#001a00,#001a00,#001a00,#001a00,#001a00,#001a00,#001a00,#001a00,#001a00,#001a00,#001a00,#001a00,#001a00,#001a00,#001a00,#001a00,#001a00,#001a00,#001a00,#001a00,#001a00,#001a00,#001a00,#001a00,#001a00,#001a00,#001a00,#001a00,#001a00,#001a00,#001a00,#001a00,#001a00,#001a00,#001a00,#001a00,#001a00,#001a00,#001a00,#001a00,#001a00,#001a00,#001a00,#001a00,#001a00,#001a00,#001a00,#001a00,#001a00,#001a00,#001a00,#001a00,#001a00,#001a00,#001a00,#001a00,#001a00,#001a00,#001a00,#001a00,#001a00,#001a00,#001a00,#001a00,#001a00,#001a00,#001a00,#001a00,#001a00,#001a00,#001a00,#001a00,#001a00,#001a00,#001a00,#001a00,#001a00,#001a00,#001a00,#001a00,#001a00,#001a00,#001a00,#001a00,#001a00,#001a00,#001a00,#001a00,#001a00,#001a00,#001a00,#001a00,#001a00,#001a00,#001a00,#001a00,#001a00,#001a00,#001a00,#001a00,#001a00,#001a00,#001a00,#001a00,#001a00,#001a00,#001a00,#001a00,#001a00,#001a00,#001a00,#001a00,#001a00,#001a00,#001a00,#001a00
#001a00,#001a00,#001a00,#001a00,#001a00,#001a00,#001a00,#001a00,#001a00,#001a00,#001a00,#001a00,#001a00,#001a00,#001a00,#001a00,#001a00,#001a00,#001a00,#001a00,#001a00,#001a00,#001a00,#001a00,#001a00,#001a00,#001a00,#001a00,#001a00,#001a00,#001a00,#001a00,#001a00,#001a00,#001a00,#001a00,#001a00,#001a00,#001a00,#001a00,#001a00,#001a00,#001a00,#001a00,#001a00,#001a00,#001a00,#001a00,#001a00,#001a00,#001a00,#001a00,#001a00,#001a00,#001a00,#001a00,#001a00,#001a00,#001a00,#001a00,#001a00,#001a00,#001a00,#001a00,#001a00,#001a00,#001a00,#001a00,#001a00,#001a00,#001a00,#001a00,#001a00,#001a00,#001a00,#001a00,#001a00,#001a00,#001a00,#001a00,#001a00,#001a00,#001a00,#001a00,#001a00,#001a00,#001a00,#001a00,#001a00,#001a00,#001a00,#001a00,#001a00,#001a00,#001a00,#001a00,#001a00,#001a00,#001a00,#001a00,#001a00,#001a00,#001a00,#001a00,#001a00,#001a00,#001a00,#001a00,#001a00,#001a00,#001a00,#001a00,#001a00,#001a00,#001a00,#001a00,#001a00,#001a00,#001a00,#001a00,#001a00,#001a00,#001a00,#001a00,#001a00,#001a00,#001a00,#001a00,#001a00,#001a00,#001a00,#001a00,#001a00,#001a00,#001a00,#001a00,#001a00,#001a00,#001a00,#001a00,#001a00,#001a00,#001a00,#001a00,#001a00,#001a00,#001a00,#001a00,#001a00,#001a00,#001a00,#001a00,#001a00,#001a00,#001a00,#001a00,#001a00,#001a00,#001a00,#001a00,#001a00,#001a00,#001a00,#001a00,#001a00,#001a00,#001a00,#001a00,#001a00,#001a00,#001a00,#001a00,#001a00,#001a00,#001a00,#001a00,#001a00,#001a00,#001a00,#001a00,#001a00,#001a00,#001a00,#001a00,#001a00,#001a00,#001a00,#001a00,#001a00,#001a00,#001a00,#001a00
#001a00,#001a00,#001a00,#001a00,#001a00,#001a00,#001a00,#001a00,#001a00,#001a00,#001a00,#001a00,#001a00,#001a00,#001a00,#001a00,#001a00,#001a00,#001a00,#001a00,#001a00,#001a00,#001a00,#001a00,#001a00,#001a00,#001a00,#001a00,#001a00,#001a00,#001a00,#001a00,#001a00,#001a00,#001a00,#001a00,#001a00,#001a00,#001a00,#001a00,#001a00,#001a00,#001a00,#001a00,#001a00,#001a00,#001a00,#001a00,#001a00,#001a00,#001a00,#001a00,#001a00,#001a00,#001a00,#001a00,#001a00,#001a00,#001a00,#001a00,#001a00,#001a00,#001a00,#001a00,#001a00,#001a00,#001a00,#001a00,#001a00,#001a00,#001a00,#001a00,#001a00,#001a00,#001a00,#001a00,#001a00,#001a00,#001a00,#001a00,#001a00,#001a00,#001a00,#001a00,#001a00,#001a00,#001a00,#001a00,#001a00,#001a00,#001a00,#001a00,#001a00,#001a00,#001a00,#001a00,#001a00,#001a00,#001a00,#001a00,#001a00,#001a00,#001a00,#001a00,#001a00,#001a00,#001a00,#001a00,#001a00,#001a00,#001a00,#001a00,#001a00,#001a00,#001a00,#001a00,#001a00,#001a00,#001a00,#001a00,#001a00,#001a00,#001a00,#001a00,#001a00,#001a00,#001a00,#001a00,#001a00,#001a00,#001a00,#001a00,#001a00,#001a00,#001a00,#001a00,#001a00,#001a00,#001a00,#001a00,#001a00,#001a00,#001a00,#001a00,#001a00,#001a00,#001a00,#001a00,#001a00,#001a00,#001a00,#001a00,#001a00,#001a00,#001a00,#001a00,#001a00,#001a00,#001a00,#001a00,#001a00,#001a00,#001a00,#001a00,#001a00,#001a00,#001a00,#001a00,#001a00,#001a00,#001a00,#001a00,#001a00,#001a00,#001a00,#001a00,#001a00,#001a00,#001a00,#001a00,#001a00,#001a00,#001a00,#001a00,#001a00,#001a00,#001a00,#001a00,#001a00,#001a00,#001a00,#001a00
#001a00,#001a00,#001a00,#001a00,#001a00,#001a00,#001a00,#001a00,#001a00,#001a00,#001a00,#001a00,#001a00,#001a00,#001a00,#001a00,#001a00,#001a00,#001a00,#001a00,#001a00,#001a00,#001a00,#001a00,#001a00,#001a00,#001a00,#001a00,#001a00,#001a00,#001a00,#001a00,#001a00,#001a00,#001a00,#001a00,#001a00,#001a00,#001a00,#001a00,#001a00,#001a00,#001a00,#001a00,#001a00,#001a00,#001a00,#001a00,#001a00,#001a00,#001a00,#001a00,#001a00,#001a00,#001a00,#001a00,#001a00,#001a00,#001a00,#001a00,#001a00,#001a00,#001a00,#001a00,#001a00,#001a00,#001a00,#001a00,#001a00,#001a00,#001a00,#001a00,#001a00,#001a00,#001a00,#001a00,#001a00,#001a00,#001a00,#001a00,#001a00,#001a00,#001a00,#001a00,#001a00,#001a00,#001a00,#001a00,#001a00,#001a00,#001a00,#001a00,#001a00,#001a00,#001a00,#001a00,#001a00,#001a00,#001a00,#001a00,#001a00,#001a00,#001a00,#001a00,#001a00,#001a00,#001a00,#001a00,#001a00,#001a00,#001a00,#001a00,#001a00,#001a00,#001a00,#001a00,#001a00,#001a00,#001a00,#001a00,#001a00,#001a00,#001a00,#001a00,#001a00,#001a00,#001a00,#001a00,#001a00,#001a00,#001a00,#001a00,#001a00,#001a00,#001a00,#001a00,#001a00,#001a00,#001a00,#001a00,#001a00,#001a00,#001a00,#001a00,#001a00,#001a00,#001a00,#001a00,#001a00,#001a00,#001a00,#001a00,#001a00,#001a00,#001a00,#001a00,#001a00,#001a00,#001a00,#001a00,#001a00,#001a00,#001a00,#001a00,#001a00,#001a00,#001a00,#001a00,#001a00,#001a00,#001a00,#001a00,#001a00,#001a00,#001a00,#001a00,#001a00,#001a00,#001a00,#001a00,#001a00,#001a00,#001a00,#001a00,#001a00,#001a00,#001a00,#001a00,#001a00,#001a00,#001a00,#001a00
#001a00,#001a00,#001a00,#001a00,#001a00,#001a00,#001a00,#001a00,#001a00,#001a00,#001a00,#001a00,#001a00,#001a00,#001a00,#001a00,#001a00,#001a00,#001a00,#001a00,#001a00,#001a00,#001a00,#001a00,#001a00,#001a00,#001a00,#001a00,#001a00,#001a00,#001a00,#001a00,#001a00,#001a00,#001a00,#001a00,#001a00,#001a00,#001a00,#001a00,#001a00,#001a00,#001a00,#001a00,#001a00,#001a00,#001a00,#001a00,#001a00,#001a00,#001a00,#001a00,#001a00,#001a00,#001a00,#001a00,#001a00,#001a00,#001a00,#001a00,#001a00,#001a00,#001a00,#001a00,#001a00,#001a00,#001a00,#001a00,#001a00,#001a00,#001a00,#001a00,#001a00,#001a00,#001a00,#001a00,#001a00,#001a00,#001a00,#001a00,#001a00,#001a00,#001a00,#001a00,#001a00,#001a00,#001a00,#001a00,#001a00,#001a00,#001a00,#001a00,#001a00,#001a00,#001a00,#001a00,#001a00,#001a00,#001a00,#001a00,#001a00,#001a00,#001a00,#001a00,#001a00,#001a00,#001a00,#001a00,#001a00,#001a00,#001a00,#001a00,#001a00,#001a00,#001a00,#001a00,#001a00,#001a00,#001a00,#001a00,#001a00,#001a00,#001a00,#001a00,#001a00,#001a00,#001a00,#001a00,#001a00,#001a00,#001a00,#001a00,#001a00,#001a00,#001a00,#001a00,#001a00,#001a00,#001a00,#001a00,#001a00,#001a00,#001a00,#001a00,#001a00,#001a00,#001a00,#001a00,#001a00,#001a00,#001a00,#001a00,#001a00,#001a00,#001a00,#001a00,#001a00,#001a00,#001a00,#001a00,#001a00,#001a00,#001a00,#001a00,#001a00,#001a00,#001a00,#001a00,#001a00,#001a00,#001a00,#001a00,#001a00,#001a00,#001a00,#001a00,#001a00,#001a00,#001a00,#001a00,#001a00,#001a00,#001a00,#001a00,#001a00,#001a00,#001a00,#001a00,#001a00,#001a00,#001a00,#001a00
#001a00,#001a00,#001a00,#001a00,#001a00,#001a00,#001a00,#001a00,#001a00,#001a00,#001a00,#001a00,#001a00,#001a00,#001a00,#001a00,#001a00,#001a00,#001a00,#001a00,#001a00,#001a00,#001a00,#001a00,#001a00,#001a00,#001a00,#001a00,#001a00,#001a00,#001a00,#001a00,#001a00,#001a00,#001a00,#001a00,#001a00,#001a00,#001a00,#001a00,#001a00,#001a00,#001a00,#001a00,#001a00,#001a00,#001a00,#001a00,#001a00,#001a00,#001a00,#001a00,#001a00,#001a00,#001a00,#001a00,#001a00,#001a00,#001a00,#001a00,#001a00,#001a00,#001a00,#001a00,#001a00,#001a00,#001a00,#001a00,#001a00,#001a00,#001a00,#001a00,#001a00,#001a00,#001a00,#001a00,#001a00,#001a00,#001a00,#001a00,#001a00,#001a00,#001a00,#001a00,#001a00,#001a00,#001a00,#001a00,#001a00,#001a00,#001a00,#001a00,#001a00,#001a00,#001a00,#001a00,#001a00,#001a00,#001a00,#001a00,#001a00,#001a00,#001a00,#001a00,#001a00,#001a00,#001a00,#001a00,#001a00,#001a00,#001a00,#001a00,#001a00,#001a00,#001a00,#001a00,#001a00,#001a00,#001a00,#001a00,#001a00,#001a00,#001a00,#001a00,#001a00,#001a00,#001a00,#001a00,#001a00,#001a00,#001a00,#001a00,#001a00,#001a00,#001a00,#001a00,#001a00,#001a00,#001a00,#001a00,#001a00,#001a00,#001a00,#001a00,#001a00,#001a00,#001a00,#001a00,#001a00,#001a00,#001a00,#001a00,#001a00,#001a00,#001a00,#001a00,#001a00,#001a00,#001a00,#001a00,#001a00,#001a00,#001a00,#001a00,#001a00,#001a00,#001a00,#001a00,#001a00,#001a00,#001a00,#001a00,#001a00,#001a00,#001a00,#001a00,#001a00,#001a00,#001a00,#001a00,#001a00,#001a00,#001a00,#001a00,#001a00,#001a00,#001a00,#001a00,#001a00,#001a00,#001a00,#001a00
#001a00,#001a00,#001a00,#001a00,#001a00,#001a00,#001a00,#001a00,#001a00,#001a00,#001a00,#001a00,#001a00,#001a00,#001a00,#001a00,#001a00,#001a00,#001a00,#001a00,#001a00,#001a00,#001a00,#001a00,#001a00,#001a00,#001a00,#001a00,#001a00,#001a00,#001a00,#001a00,#001a00,#001a00,#001a00,#001a00,#001a00,#001a00,#001a00,#001a00,#001a00,#001a00,#001a00,#001a00,#001a00,#001a00,#001a00,#001a00,#001a00,#001a00,#001a00,#001a00,#001a00,#001a00,#001a00,#001a00,#001a00,#001a00,#001a00,#001a00,#001a00,#001a00,#001a00,#001a00,#001a00,#001a00,#001a00,#001a00,#001a00,#001a00,#001a00,#001a00,#001a00,#001a00,#001a00,#001a00,#001a00,#001a00,#001a00,#001a00,#001a00,#001a00,#001a00,#001a00,#001a00,#001a00,#001a00,#001a00,#001a00,#001a00,#001a00,#001a00,#001a00,#001a00,#001a00,#001a00,#001a00,#001a00,#001a00,#001a00,#001a00,#001a00,#001a00,#001a00,#001a00,#001a00,#001a00,#001a00,#001a00,#001a00,#001a00,#001a00,#001a00,#001a00,#001a00,#001a00,#001a00,#001a00,#001a00,#001a00,#001a00,#001a00,#001a00,#001a00,#001a00,#001a00,#001a00,#001a00,#001a00,#001a00,#001a00,#001a00,#001a00,#001a00,#001a00,#001a00,#001a00,#001a00,#001a00,#001a00,#001a00,#001a00,#001a00,#001a00,#001a00,#001a00,#001a00,#001a00,#001a00,#001a00,#001a00,#001a00,#001a00,#001a00,#001a00,#001a00,#001a00,#001a00,#001a00,#001a00,#001a00,#001a00,#001a00,#001a00,#001a00,#001a00,#001a00,#001a00,#001a00,#001a00,#001a00,#001a00,#001a00,#001a00,#001a00,#001a00,#001a00,#001a00,#001a00,#001a00,#001a00,#001a00,#001a00,#001a00,#001a00,#001a00,#001a00,#001a00,#001a00,#001a00,#001a00,#001a00
#001a00,#001a00,#001a00,#001a00,#001a00,#001a00,#001a00,#001a00,#001a00,#001a00,#001a00,#001a00,#001a00,#001a00,#001a00,#001a00,#001a00,#001a00,#001a00,#001a00,#001a00,#001a00,#001a00,#001a00,#001a00,#001a00,#001a00,#001a00,#001a00,#001a00,#001a00,#001a00,#001a00,#001a00,#001a00,#001a00,#001a00,#001a00,#001a00,#001a00,#001a00,#001a00,#001a00,#001a00,#001a00,#001a00,#001a00,#001a00,#001a00,#001a00,#001a00,#001a00,#001a00,#001a00,#001a00,#001a00,#001a00,#001a00,#001a00,#001a00,#001a00,#001a00,#001a00,#001a00,#001a00,#001a00,#001a00,#001a00,#001a00,#001a00,#001a00,#001a00,#001a00,#001a00,#001a00,#001a00,#001a00,#001a00,#001a00,#001a00,#001a00,#001a00,#001a00,#001a00,#001a00,#001a00,#001a00,#001a00,#001a00,#001a00,#001a00,#001a00,#001a00,#001a00,#001a00,#001a00,#001a00,#001a00,#001a00,#001a00,#001a00,#001a00,#001a00,#001a00,#001a00,#001a00,#001a00,#001a00,#001a00,#001a00,#001a00,#001a00,#001a00,#001a00,#001a00,#001a00,#001a00,#001a00,#001a00,#001a00,#001a00,#001a00,#001a00,#001a00,#001a00,#001a00,#001a00,#001a00,#001a00,#001a00,#001a00,#001a00,#001a00,#001a00,#001a00,#001a00,#001a00,#001a00,#001a00,#001a00,#001a00,#001a00,#001a00,#001a00,#001a00,#001a00,#001a00,#001a00,#001a00,#001a00,#001a00,#001a00,#001a00,#001a00,#001a00,#001a00,#001a00,#001a00,#001a00,#001a00,#001a00,#001a00,#001a00,#001a00,#001a00,#001a00,#001a00,#001a00,#001a00,#001a00,#001a00,#001a00,#001a00,#001a00,#001a00,#001a00,#001a00,#001a00,#001a00,#001a00,#001a00,#001a00,#001a00,#001a00,#001a00,#001a00,#001a00,#001a00,#001a00,#001a00,#001a00,#001a00
#001a00,#001a00,#001a00,#001a00,#001a00,#001a00,#001a00,#001a00,#001a00,#001a00,#001a00,#001a00,#001a00,#001a00,#001a00,#001a00,#001a00,#001a00,#001a00,#001a00,#001a00,#001a00,#001a00,#001a00,#001a00,#001a00,#001a00,#001a00,#001a00,#001a00,#001a00,#001a00,#001a00,#001a00,#001a00,#001a00,#001a00,#001a00,#001a00,#001a00,#001a00,#001a00,#001a00,#001a00,#001a00,#001a00,#001a00,#001a00,#001a00,#001a00,#001a00,#001a00,#001a00,#001a00,#001a00,#001a00,#001a00,#001a00,#001a00,#001a00,#001a00,#001a00,#001a00,#001a00,#001a00,#001a00,#001a00,#001a00,#001a00,#001a00,#001a00,#001a00,#001a00,#001a00,#001a00,#001a00,#001a00,#001a00,#001a00,#001a00,#001a00,#001a00,#001a00,#001a00,#001a00,#001a00,#001a00,#001a00,#001a00,#001a00,#001a00,#001a00,#001a00,#001a00,#001a00,#001a00,#001a00,#001a00,#001a00,#001a00,#001a00,#001a00,#001a00,#001a00,#001a00,#001a00,#001a00,#001a00,#001a00,#001a00,#001a00,#001a00,#001a00,#001a00,#001a00,#001a00,#001a00,#001a00,#001a00,#001a00,#001a00,#001a00,#001a00,#001a00,#001a00,#001a00,#001a00,#001a00,#001a00,#001a00,#001a00,#001a00,#001a00,#001a00,#001a00,#001a00,#001a00,#001a00,#001a00,#001a00,#001a00,#001a00,#001a00,#001a00,#001a00,#001a00,#001a00,#001a00,#001a00,#001a00,#001a00,#001a00,#001a00,#001a00,#001a00,#001a00,#001a00,#001a00,#001a00,#001a00,#001a00,#001a00,#001a00,#001a00,#001a00,#001a00,#001a00,#001a00,#001a00,#001a00,#001a00,#001a00,#001a00,#001a00,#001a00,#001a00,#001a00,#001a00,#001a00,#001a00,#001a00,#001a00,#001a00,#001a00,#001a00,#001a00,#001a00,#001a00,#001a00,#001a00,#001a00,#001a00
#001a00,#001a00,#001a00,#001a00,#001a00,#001a00,#001a00,#001a00,#001a00,#001a00,#001a00,#001a00,#001a00,#001a00,#001a00,#001a00,#001a00,#001a00,#001a00,#001a00,#001a00,#001a00,#001a00,#001a00,#001a00,#001a00,#001a00,#001a00,#001a00,#001a00,#001a00,#001a00,#001a00,#001a00,#001a00,#001a00,#001a00,#001a00,#001a00,#001a00,#001a00,#001a00,#001a00,#001a00,#001a00,#001a00,#001a00,#001a00,#001a00,#001a00,#001a00,#001a00,#001a00,#001a00,#001a00,#001a00,#001a00,#001a00,#001a00,#001a00,#001a00,#001a00,#001a00,#001a00,#001a00,#001a00,#001a00,#001a00,#001a00,#001a00,#001a00,#001a00,#001a00,#001a00,#001a00,#001a00,#001a00,#001a00,#001a00,#001a00,#001a00,#001a00,#001a00,#001a00,#001a00,#001a00,#001a00,#001a00,#001a00,#001a00,#001a00,#001a00,#001a00,#001a00,#001a00,#001a00,#001a00,#001a00,#001a00,#001a00,#001a00,#001a00,#001a00,#001a00,#001a00,#001a00,#001a00,#001a00,#001a00,#001a00,#001a00,#001a00,#001a00,#001a00,#001a00,#001a00,#001a00,#001a00,#001a00,#001a00,#001a00,#001a00,#001a00,#001a00,#001a00,#001a00,#001a00,#001a00,#001a00,#001a00,#001a00,#001a00,#001a00,#001a00,#001a00,#001a00,#001a00,#001a00,#001a00,#001a00,#001a00,#001a00,#001a00,#001a00,#001a00,#001a00,#001a00,#001a00,#001a00,#001a00,#001a00,#001a00,#001a00,#001a00,#001a00,#001a00,#001a00,#001a00,#001a00,#001a00,#001a00,#001a00,#001a00,#001a00,#001a00,#001a00,#001a00,#001a00,#001a00,#001a00,#001a00,#001a00,#001a00,#001a00,#001a00,#001a00,#001a00,#001a00,#001a00,#001a00,#001a00,#001a00,#001a00,#001a00,#001a00,#001a00,#001a00,#001a00,#001a00,#001a00,#001a00,#001a00
#001a00,#001a00,#001a00,#001a00,#001a00,#001a00,#001a00,#001a00,#001a00,#001a00,#001a00,#001a00,#001a00,#001a00,#001a00,#001a00,#001a00,#001a00,#001a00,#001a00,#001a00,#001a00,#001a00,#001a00,#001a00,#001a00,#001a00,#001a00,#001a00,#001a00,#001a00,#001a00,#001a00,#001a00,#001a00,#001a00,#001a00,#001a00,#001a00,#001a00,#001a00,#001a00,#001a00,#001a00,#001a00,#001a00,#001a00,#001a00,#001a00,#001a00,#001a00,#001a00,#001a00,#001a00,#001a00,#001a00,#001a00,#001a00,#001a00,#001a00,#001a00,#001a00,#001a00,#001a00,#001a00,#001a00,#001a00,#001a00,#001a00,#001a00,#001a00,#001a00,#001a00,#001a00,#001a00,#001a00,#001a00,#001a00,#001a00,#001a00,#001a00,#001a00,#001a00,#001a00,#001a00,#001a00,#001a00,#001a00,#001a00,#001a00,#001a00,#001a00,#001a00,#001a00,#001a00,#001a00,#001a00,#001a00,#001a00,#001a00,#001a00,#001a00,#001a00,#001a00,#001a00,#001a00,#001a00,#001a00,#001a00,#001a00,#001a00,#001a00,#001a00,#001a00,#001a00,#001a00,#001a00,#001a00,#001a00,#001a00,#001a00,#001a00,#001a00,#001a00,#001a00,#001a00,#001a00,#001a00,#001a00,#001a00,#001a00,#001a00,#001a00,#001a00,#001a00,#001a00,#001a00,#001a00,#001a00,#001a00,#001a00,#001a00,#001a00,#001a00,#001a00,#001a00,#001a00,#001a00,#001a00,#001a00,#001a00,#001a00,#001a00,#001a00,#001a00,#001a00,#001a00,#001a00,#001a00,#001a00,#001a00,#001a00,#001a00,#001a00,#001a00,#001a00,#001a00,#001a00,#001a00,#001a00,#001a00,#001a00,#001a00,#001a00,#001a00,#001a00,#001a00,#001a00,#001a00,#001a00,#001a00,#001a00,#001a00,#001a00,#001a00,#001a00,#001a00,#001a00,#001a00,#001a00,#001a00,#001a00
#001a00,#001a00,#001a00,#001a00,#001a00,#001a00,#001a00,#001a00,#001a00,#001a00,#001a00,#001a00,#001a00,#001a00,#001a00,#001a00,#001a00,#001a00,#001a00,#001a00,#001a00,#001a00,#001a00,#001a00,#001a00,#001a00,#001a00,#001a00,#001a00,#001a00,#001a00,#001a00,#001a00,#001a00,#001a00,#001a00,#001a00,#001a00,#001a00,#001a00,#001a00,#001a00,#001a00,#001a00,#001a00,#001a00,#001a00,#001a00,#001a00,#001a00,#001a00,#001a00,#001a00,#001a00,#001a00,#001a00,#001a00,#001a00,#001a00,#001a00,#001a00,#001a00,#001a00,#001a00,#001a00,#001a00,#001a00,#001a00,#001a00,#001a00,#001a00,#001a00,#001a00,#001a00,#001a00,#001a00,#001a00,#001a00,#001a00,#001a00,#001a00,#001a00,#001a00,#001a00,#001a00,#001a00,#001a00,#001a00,#001a00,#001a00,#001a00,#001a00,#001a00,#001a00,#001a00,#001a00,#001a00,#001a00,#001a00,#001a00,#001a00,#001a00,#001a00,#001a00,#001a00,#001a00,#001a00,#001a00,#001a00,#001a00,#001a00,#001a00,#001a00,#001a00,#001a00,#001a00,#001a00,#001a00,#001a00,#001a00,#001a00,#001a00,#001a00,#001a00,#001a00,#001a00,#001a00,#001a00,#001a00,#001a00,#001a00,#001a00,#001a00,#001a00,#001a00,#001a00,#001a00,#001a00,#001a00,#001a00,#001a00,#001a00,#001a00,#001a00,#001a00,#001a00,#001a00,#001a00,#001a00,#001a00,#001a00,#001a00,#001a00,#001a00,#001a00,#001a00,#001a00,#001a00,#001a00,#001a00,#001a00,#001a00,#001a00,#001a00,#001a00,#001a00,#001a00,#001a00,#001a00,#001a00,#001a00,#001a00,#001a00,#001a00,#001a00,#001a00,#001a00,#001a00,#001a00,#001a00,#001a00,#001a00,#001a00,#001a00,#001a00,#001a00,#001a00,#001a00,#001a00,#001a00,#001a00,#001a00
#001a00,#001a00,#001a00,#001a00,#001a00,#001a00,#001a00,#001a00,#001a00,#001a00,#001a00,#001a00,#001a00,#001a00,#001a00,#001a00,#001a00,#001a00,#001a00,#001a00,#001a00,#001a00,#001a00,#001a00,#001a00,#001a00,#001a00,#001a00,#001a00,#001a00,#001a00,#001a00,#001a00,#001a00,#001a00,#001a00,#001a00,#001a00,#001a00,#001a00,#001a00,#001a00,#001a00,#001a00,#001a00,#001a00,#001a00,#001a00,#001a00,#001a00,#001a00,#001a00,#001a00,#001a00,#001a00,#001a00,#001a00,#001a00,#001a00,#001a00,#001a00,#001a00,#001a00,#001a00,#001a00,#001a00,#001a00,#001a00,#001a00,#001a00,#001a00,#001a00,#001a00,#001a00,#001a00,#001a00,#001a00,#001a00,#001a00,#001a00,#001a00,#001a00,#001a00,#001a00,#001a00,#001a00,#001a00,#001a00,#001a00,#001a00,#001a00,#001a00,#001a00,#001a00,#001a00,#001a00,#001a00,#001a00,#001a00,#001a00,#001a00,#001a00,#001a00,#001a00,#001a00,#001a00,#001a00,#001a00,#001a00,#001a00,#001a00,#001a00,#001a00,#001a00,#001a00,#001a00,#001a00,#001a00,#001a00,#001a00,#001a00,#001a00,#001a00,#001a00,#001a00,#001a00,#001a00,#001a00,#001a00,#001a00,#001a00,#001a00,#001a00,#001a00,#001a00,#001a00,#001a00,#001a00,#001a00,#001a00,#001a00,#001a00,#001a00,#001a00,#001a00,#001a00,#001a00,#001a00,#001a00,#001a00,#001a00,#001a00,#001a00,#001a00,#001a00,#001a00,#001a00,#001a00,#001a00,#001a00,#001a00,#001a00,#001a00,#001a00,#001a00,#001a00,#001a00,#001a00,#001a00,#001a00,#001a00,#001a00,#001a00,#001a00,#001a00,#001a00,#001a00,#001a00,#001a00,#001a00,#001a00,#001a00,#001a00,#001a00,#001a00,#001a00,#001a00,#001a00,#001a00,#001a00,#001a00,#001a00
#001a00,#001a00,#001a00,#001a00,#001a00,#001a00,#001a00,#001a00,#001a00,#001a00,#001a00,#001a00,#001a00,#001a00,#001a00,#001a00,#001a00,#001a00,#001a00,#001a00,#001a00,#001a00,#001a00,#001a00,#001a00,#001a00,#001a00,#001a00,#001a00,#001a00,#001a00,#001a00,#001a00,#001a00,#001a00,#001a00,#001a00,#001a00,#001a00,#001a00,#001a00,#001a00,#001a00,#001a00,#001a00,#001a00,#001a00,#001a00,#001a00,#001a00,#001a00,#001a00,#001a00,#001a00,#001a00,#001a00,#001a00,#001a00,#001a00,#001a00,#001a00,#001a00,#001a00,#001a00,#001a00,#001a00,#001a00,#001a00,#001a00,#001a00,#001a00,#001a00,#001a00,#001a00,#001a00,#001a00,#001a00,#001a00,#001a00,#001a00,#001a00,#001a00,#001a00,#001a00,#001a00,#001a00,#001a00,#001a00,#001a00,#001a00,#001a00,#001a00,#001a00,#001a00,#001a00,#001a00,#001a00,#001a00,#001a00,#001a00,#001a00,#001a00,#001a00,#001a00,#001a00,#001a00,#001a00,#001a00,#001a00,#001a00,#001a00,#001a00,#001a00,#001a00,#001a00,#001a00,#001a00,#001a00,#001a00,#001a00,#001a00,#001a00,#001a00,#001a00,#001a00,#001a00,#001a00,#001a00,#001a00,#001a00,#001a00,#001a00,#001a00,#001a00,#001a00,#001a00,#001a00,#001a00,#001a00,#001a00,#001a00,#001a00,#001a00,#001a00,#001a00,#001a00,#001a00,#001a00,#001a00,#001a00,#001a00,#001a00,#001a00,#001a00,#001a00,#001a00,#001a00,#001a00,#001a00,#001a00,#001a00,#001a00,#001a00,#001a00,#001a00,#001a00,#001a00,#001a00,#001a00,#001a00,#001a00,#001a00,#001a00,#001a00,#001a00,#001a00,#001a00,#001a00,#001a00,#001a00,#001a00,#001a00,#001a00,#001a00,#001a00,#001a00,#001a00,#001a00,#001a00,#001a00,#001a00,#001a00
#001a00,#001a00,#001a00,#001a00,#001a00,#001a00,#001a00,#001a00,#001a00,#001a00,#001a00,#001a00,#001a00,#001a00,#001a00,#001a00,#001a00,#001a00,#001a00,#001a00,#001a00,#001a00,#001a00,#001a00,#001a00,#001a00,#001a00,#001a00,#001a00,#001a00,#001a00,#001a00,#001a00,#001a00,#001a00,#001a00,#001a00,#001a00,#001a00,#001a00,#001a00,#001a00,#001a00,#001a00,#001a00,#001a00,#001a00,#001a00,#001a00,#001a00,#001a00,#001a00,#001a00,#001a00,#001a00,#001a00,#001a00,#001a00,#001a00,#001a00,#001a00,#001a00,#001a00,#001a00,#001a00,#001a00,#001a00,#001a00,#001a00,#001a00,#001a00,#001a00,#001a00,#001a00,#001a00,#001a00,#001a00,#001a00,#001a00,#001a00,#001a00,#001a00,#001a00,#001a00,#001a00,#001a00,#001a00,#001a00,#001a00,#001a00,#001a00,#001a00,#001a00,#001a00,#001a00,#001a00,#001a00,#001a00,#001a00,#001a00,#001a00,#001a00,#001a00,#001a00,#001a00,#001a00,#001a00,#001a00,#001a00,#001a00,#001a00,#001a00,#001a00,#001a00,#001a00,#001a00,#001a00,#001a00,#001a00,#001a00,#001a00,#001a00,#001a00,#001a00,#001a00,#001a00,#001a00,#001a00,#001a00,#001a00,#001a00,#001a00,#001a00,#001a00,#001a00,#001a00,#001a00,#001a00,#001a00,#001a00,#001a00,#001a00,#001a00,#001a00,#001a00,#001a00,#001a00,#001a00,#001a00,#001a00,#001a00,#001a00,#001a00,#001a00,#001a00,#001a00,#001a00,#001a00,#001a00,#001a00,#001a00,#001a00,#001a00,#001a00,#001a00,#001a00,#001a00,#001a00,#001a00,#001a00,#001a00,#001a00,#001a00,#001a00,#001a00,#001a00,#001a00,#001a00,#001a00,#001a00,#001a00,#001a00,#001a00,#001a00,#001a00,#001a00,#001a00,#001a00,#001a00,#001a00,#001a00,#001a00
#001a00,#001a00,#001a00,#001a00,#001a00,#001a00,#001a00,#001a00,#001a00,#001a00,#001a00,#001a00,#001a00,#001a00,#001a00,#001a00,#001a00,#001a00,#001a00,#001a00,#001a00,#001a00,#001a00,#001a00,#001a00,#001a00,#001a00,#001a00,#001a00,#001a00,#001a00,#001a00,#001a00,#001a00,#001a00,#001a00,#001a00,#001a00,#001a00,#001a00,#001a00,#001a00,#001a00,#001a00,#001a00,#001a00,#001a00,#001a00,#001a00,#001a00,#001a00,#001a00,#001a00,#001a00,#001a00,#001a00,#001a00,#001a00,#001a00,#001a00,#001a00,#001a00,#001a00,#001a00,#001a00,#001a00,#001a00,#001a00,#001a00,#001a00,#001a00,#001a00,#001a00,#001a00,#001a00,#001a00,#001a00,#001a00,#001a00,#001a00,#001a00,#001a00,#001a00,#001a00,#001a00,#001a00,#001a00,#001a00,#001a00,#001a00,#001a00,#001a00,#001a00,#001a00,#001a00,#001a00,#001a00,#001a00,#001a00,#001a00,#001a00,#001a00,#001a00,#001a00,#001a00,#001a00,#001a00,#001a00,#001a00,#001a00,#001a00,#001a00,#001a00,#001a00,#001a00,#001a00,#001a00,#001a00,#001a00,#001a00,#001a00,#001a00,#001a00,#001a00,#001a00,#001a00,#001a00,#001a00,#001a00,#001a00,#001a00,#001a00,#001a00,#001a00,#001a00,#001a00,#001a00,#001a00,#001a00,#001a00,#001a00,#001a00,#001a00,#001a00,#001a00,#001a00,#001a00,#001a00,#001a00,#001a00,#001a00,#001a00,#001a00,#001a00,#001a00,#001a00,#001a00,#001a00,#001a00,#001a00,#001a00,#001a00,#001a00,#001a00,#001a00,#001a00,#001a00,#001a00,#001a00,#001a00,#001a00,#001a00,#001a00,#001a00,#001a00,#001a00,#001a00,#001a00,#001a00,#001a00,#001a00,#001a00,#001a00,#001a00,#001a00,#001a00,#001a00,#001a00,#001a00,#001a00,#001a00,#001a00
#001a00,#001a00,#001a00,#001a00,#001a00,#001a00,#001a00,#001a00,#001a00,#001a00,#001a00,#001a00,#001a00,#001a00,#001a00,#001a00,#001a00,#001a00,#001a00,#001a00,#001a00,#001a00,#001a00,#001a00,#001a00,#001a00,#001a00,#001a00,#001a00,#001a00,#001a00,#001a00,#001a00,#001a00,#001a00,#001a00,#001a00,#001a00,#001a00,#001a00,#001a00,#001a00,#001a00,#001a00,#001a00,#001a00,#001a00,#001a00,#001a00,#001a00,#001a00,#001a00,#001a00,#001a00,#001a00,#001a00,#001a00,#001a00,#001a00,#001a00,#001a00,#001a00,#001a00,#001a00,#001a00,#001a00,#001a00,#001a00,#001a00,#001a00,#001a00,#001a00,#001a00,#001a00,#001a00,#001a00,#001a00,#001a00,#001a00,#001a00,#001a00,#001a00,#001a00,#001a00,#001a00,#001a00,#001a00,#001a00,#001a00,#001a00,#001a00,#001a00,#001a00,#001a00,#001a00,#001a00,#001a00,#001a00,#001a00,#001a00,#001a00,#001a00,#001a00,#001a00,#001a00,#001a00,#001a00,#001a00,#001a00,#001a00,#001a00,#001a00,#001a00,#001a00,#001a00,#001a00,#001a00,#001a00,#001a00,#001a00,#001a00,#001a00,#001a00,#001a00,#001a00,#001a00,#001a00,#001a00,#001a00,#001a00,#001a00,#001a00,#001a00,#001a00,#001a00,#001a00,#001a00,#001a00,#001a00,#001a00,#001a00,#001a00,#001a00,#001a00,#001a00,#001a00,#001a00,#001a00,#001a00,#001a00,#001a00,#001a00,#001a00,#001a00,#001a00,#001a00,#001a00,#001a00,#001a00,#001a00,#001a00,#001a00,#001a00,#001a00,#001a00,#001a00,#001a00,#001a00,#001a00,#001a00,#001a00,#001a00,#001a00,#001a00,#001a00,#001a00,#001a00,#001a00,#001a00,#001a00,#001a00,#001a00,#001a00,#001a00,#001a00,#001a00,#001a00,#001a00,#001a00,#001a00,#001a00,#001a00
#001a00,#001a00,#001a00,#001a00,#001a00,#001a00,#001a00,#001a00,#001a00,#001a00,#001a00,#001a00,#001a00,#001a00,#001a00,#001a00,#001a00,#001a00,#001a00,#001a00,#001a00,#001a00,#001a00,#001a00,#001a00,#001a00,#001a00,#001a00,#001a00,#001a00,#001a00,#001a00,#001a00,#001a00,#001a00,#001a00,#001a00,#001a00,#001a00,#001a00,#001a00,#001a00,#001a00,#001a00,#001a00,#001a00,#001a00,#001a00,#001a00,#001a00,#001a00,#001a00,#001a00,#001a00,#001a00,#001a00,#001a00,#001a00,#001a00,#001a00,#001a00,#001a00,#001a00,#001a00,#001a00,#001a00,#001a00,#001a00,#001a00,#001a00,#001a00,#001a00,#001a00,#001a00,#001a00,#001a00,#001a00,#001a00,#001a00,#001a00,#001a00,#001a00,#001a00,#001a00,#001a00,#001a00,#001a00,#001a00,#001a00,#001a00,#001a00,#001a00,#001a00,#001a00,#001a00,#001a00,#001a00,#001a00,#001a00,#001a00,#001a00,#001a00,#001a00,#001a00,#001a00,#001a00,#001a00,#001a00,#001a00,#001a00,#001a00,#001a00,#001a00,#001a00,#001a00,#001a00,#001a00,#001a00,#001a00,#001a00,#001a00,#001a00,#001a00,#001a00,#001a00,#001a00,#001a00,#001a00,#001a00,#001a00,#001a00,#001a00,#001a00,#001a00,#001a00,#001a00,#001a00,#001a00,#001a00,#001a00,#001a00,#001a00,#001a00,#001a00,#001a00,#001a00,#001a00,#001a00,#001a00,#001a00,#001a00,#001a00,#001a00,#001a00,#001a00,#001a00,#001a00,#001a00,#001a00,#001a00,#001a00,#001a00,#001a00,#001a00,#001a00,#001a00,#001a00,#001a00,#001a00,#001a00,#001a00,#001a00,#001a00,#001a00,#001a00,#001a00,#001a00,#001a00,#001a00,#001a00,#001a00,#001a00,#001a00,#001a00,#001a00,#001a00,#001a00,#001a00,#001a00,#001a00,#001a00,#001a00
#001a00,#001a00,#001a00,#001a00,#001a00,#001a00,#001a00,#001a00,#001a00,#001a00,#001a00,#001a00,#001a00,#001a00,#001a00,#001a00,#001a00,#001a00,#001a00,#001a00,#001a00,#001a00,#001a00,#001a00,#001a00,#001a00,#001a00,#001a00,#001a00,#001a00,#001a00,#001a00,#001a00,#001a00,#001a00,#001a00,#001a00,#001a00,#001a00,#001a00,#001a00,#001a00,#001a00,#001a00,#001a00,#001a00,#001a00,#001a00,#001a00,#001a00,#001a00,#001a00,#001a00,#001a00,#001a00,#001a00,#001a00,#001a00,#001a00,#001a00,#001a00,#001a00,#001a00,#001a00,#001a00,#001a00,#001a00,#001a00,#001a00,#001a00,#001a00,#001a00,#001a00,#001a00,#001a00,#001a00,#001a00,#001a00,#001a00,#001a00,#001a00,#001a00,#001a00,#001a00,#001a00,#001a00,#001a00,#001a00,#001a00,#001a00,#001a00,#001a00,#001a00,#001a00,#001a00,#001a00,#001a00,#001a00,#001a00,#001a00,#001a00,#001a00,#001a00,#001a00,#001a00,#001a00,#001a00,#001a00,#001a00,#001a00,#001a00,#001a00,#001a00,#001a00,#001a00,#001a00,#001a00,#001a00,#001a00,#001a00,#001a00,#001a00,#001a00,#001a00,#001a00,#001a00,#001a00,#001a00,#001a00,#001a00,#001a00,#001a00,#001a00,#001a00,#001a00,#001a00,#001a00,#001a00,#001a00,#001a00,#001a00,#001a00,#001a00,#001a00,#001a00,#001a00,#001a00,#001a00,#001a00,#001a00,#001a00,#001a00,#001a00,#001a00,#001a00,#001a00,#001a00,#001a00,#001a00,#001a00,#001a00,#001a00,#001a00,#001a00,#001a00,#001a00,#001a00,#001a00,#001a00,#001a00,#001a00,#001a00,#001a00,#001a00,#001a00,#001a00,#001a00,#001a00,#001a00,#001a00,#001a00,#001a00,#001a00,#001a00,#001a00,#001a00,#001a00,#001a00,#001a00,#001a00,#001a00,#001a00